Workbook
Name Business_Col: #REF!
Name DONE_DONE_DONE: _xlfn.VSTACK([1]Inhand_Dynamic!$BF$2:$BH$3,_xlfn.HSTACK(_xlfn.ANCHORARRAY([1]Inhand_Dynamic!$BF$4),_xlfn.ANCHORARRAY( [1]Inhand_Dynamic!$BG$4),_xlfn.ANCHORARRAY( [1]Inhand_Dynamic!$BH$4)))
Name Summmary_Col2: #REF!

Sheet FY_25-26
B1: Formula | S1: Formula | T1: Formula
A2: BUSINESS UNITS | B2: SR. NO. | C2: SUPPLIER | D2: BRAND | E2: BUYER NAME | F2: DEPARTMENT | G2: CATEGORY | H2: STYLE NO | I2: NEW/REBUY | J2: COLOR | K2: PO NO | L2: COUNTRY | M2: Supplier Ref. No. | N2: Product Description | O2: UK PO RECD DATE | P2: TOTAL ORDER QTY | Q2: USD PRICE PER PC | R2: GBP PRICE PER PC | S2: USD TOTAL PO VALUE | T2: GBP TOTAL PO VALUE | U2: CONFIRMED EX-FACTORY | V2: REVISED EX- FACTORY | W2: Delivery Date | X2: MODE | Y2: Port of loading | Z2: Sample approved status | AA2: Sustainable | AB2: Incoterms
A3: =IF('FY_25-26'!$D3="","",IF(OR('FY_25-26'!$D3="BOOHOO LADIES",'FY_25-26'!$D3="PLT",'FY_25-26'!$D3="KM"),"BUSINESS UNIT 1 - KIRAN","BUSINESS UNIT 2 - SHIFALI")) -> BUSINESS UNIT 2 - SHIFALI | B3: =IF('FY_25-26'!$C3<>"",ROW()-ROW($B$2),"") -> 1 | C3: BANSWARA | D3: BURTON | E3: ISABELLA CHAPMAN | F3: LADIES | G3: SOFT WOVEN | H3: BBB05806 | I3: REBUY | J3: BLACK | K3: 3380602 | L3: UK | M3: AA6661683F1 | N3: Black SkinnyFit TuxedoSuit Trouserblack | O3: 45902 | P3: 200 | Q3: 16.8 | R3: - | S3: =IF($Q3="","",IF($Q3="-","-",$P3*$Q3)) -> 3360 | T3: =IF($R3="","",IF($R3="-","-",$P3*$R3)) -> - | U3: 46090 | V3: - | X3: FOB SEA | Y3: INMUD | Z3: NO | AA3: NO Info | AB3: FOB
A4: =IF('FY_25-26'!$D4="","",IF(OR('FY_25-26'!$D4="BOOHOO LADIES",'FY_25-26'!$D4="PLT",'FY_25-26'!$D4="KM"),"BUSINESS UNIT 1 - KIRAN","BUSINESS UNIT 2 - SHIFALI")) -> BUSINESS UNIT 2 - SHIFALI | B4: =IF('FY_25-26'!$C4<>"",ROW()-ROW($B$2),"") -> 2 | C4: BANSWARA | D4: BURTON | E4: ISABELLA CHAPMAN | F4: LADIES | G4: SOFT WOVEN | H4: BBB05802 | I4: REBUY | J4: BLACK | K4: 3380603 | L4: UK | M4: AA66608F1B | N4: Black SlimFit TuxedoSuit Jacketblack | O4: 45902 | P4: 351 | Q4: 17 | R4: - | S4: =IF($Q4="","",IF($Q4="-","-",$P4*$Q4)) -> 5967 | T4: =IF($R4="","",IF($R4="-","-",$P4*$R4)) -> - | U4: 46090 | V4: - | X4: FOB SEA | Y4: INMUD | Z4: NO | AA4: NO Info | AB4: FOB
A5: =IF('FY_25-26'!$D5="","",IF(OR('FY_25-26'!$D5="BOOHOO LADIES",'FY_25-26'!$D5="PLT",'FY_25-26'!$D5="KM"),"BUSINESS UNIT 1 - KIRAN","BUSINESS UNIT 2 - SHIFALI")) -> BUSINESS UNIT 2 - SHIFALI | B5: =IF('FY_25-26'!$C5<>"",ROW()-ROW($B$2),"") -> 3 | C5: BANSWARA | D5: BURTON | E5: ISABELLA CHAPMAN | F5: LADIES | G5: SOFT WOVEN | H5: BBB05803 | I5: REBUY | J5: BLACK | K5: 3380601 | L5: UK | M5: AA6661683F | N5: Black SlimFit TuxedoSuit Trouserblack | O5: 45902 | P5: 453 | Q5: 8.25 | R5: - | S5: =IF($Q5="","",IF($Q5="-","-",$P5*$Q5)) -> 3737.25 | T5: =IF($R5="","",IF($R5="-","-",$P5*$R5)) -> - | U5: 46090 | V5: - | X5: FOB SEA | Y5: INMUD | Z5: NO | AA5: NO Info | AB5: FOB
A6: =IF('FY_25-26'!$D6="","",IF(OR('FY_25-26'!$D6="BOOHOO LADIES",'FY_25-26'!$D6="PLT",'FY_25-26'!$D6="KM"),"BUSINESS UNIT 1 - KIRAN","BUSINESS UNIT 2 - SHIFALI")) -> BUSINESS UNIT 2 - SHIFALI | B6: =IF('FY_25-26'!$C6<>"",ROW()-ROW($B$2),"") -> 4 | C6: BANSWARA | D6: BURTON | E6: ISABELLA CHAPMAN | F6: LADIES | G6: SOFT WOVEN | H6: BBB05804 | I6: REBUY | J6: BLACK | K6: 3380596 | L6: UK | M6: AA66616988 | N6: Black SlimFit TuxedoSuitWaistcoatblack | O6: 45902 | P6: 198 | Q6: 9.5 | R6: - | S6: =IF($Q6="","",IF($Q6="-","-",$P6*$Q6)) -> 1881 | T6: =IF($R6="","",IF($R6="-","-",$P6*$R6)) -> - | U6: 46153 | V6: - | X6: FOB SEA | Y6: INMUD | Z6: NO | AA6: NO Info | AB6: FOB
A7: =IF('FY_25-26'!$D7="","",IF(OR('FY_25-26'!$D7="BOOHOO LADIES",'FY_25-26'!$D7="PLT",'FY_25-26'!$D7="KM"),"BUSINESS UNIT 1 - KIRAN","BUSINESS UNIT 2 - SHIFALI")) -> BUSINESS UNIT 2 - SHIFALI | B7: =IF('FY_25-26'!$C7<>"",ROW()-ROW($B$2),"") -> 5 | C7: WINDESON TRADEMART | D7: NASTYGAL | E7: GEORGIA MAY BARTOSZ | F7: LADIES | G7: SOFT WOVEN | H7: BGG27898 | I7: NEW | J7: GREEN | K7: 3380680 | L7: UK | M7: GB68B69844 | N7: Check Asymmetric Cap Sleeve Top | O7: 45902 | P7: 100 | Q7: - | R7: 5.82 | S7: =IF($Q7="","",IF($Q7="-","-",$P7*$Q7)) -> - | T7: =IF($R7="","",IF($R7="-","-",$P7*$R7)) -> 582 | U7: 45978 | V7: 46003 | X7: FOB AIR | Y7: INDEL | Z7: NO | AA7: NO Info | AB7: FOB
A8: =IF('FY_25-26'!$D8="","",IF(OR('FY_25-26'!$D8="BOOHOO LADIES",'FY_25-26'!$D8="PLT",'FY_25-26'!$D8="KM"),"BUSINESS UNIT 1 - KIRAN","BUSINESS UNIT 2 - SHIFALI")) -> BUSINESS UNIT 2 - SHIFALI | B8: =IF('FY_25-26'!$C8<>"",ROW()-ROW($B$2),"") -> 6 | C8: WINDESON TRADEMART | D8: NASTYGAL | E8: GEORGIA MAY BARTOSZ | F8: LADIES | G8: SOFT WOVEN | H8: BGG27899 | I8: NEW | J8: GREEN | K8: 3380681 | L8: UK | M8: GB68B6F737 | N8: Check Wrap Maxi Skirt | O8: 45902 | P8: 100 | Q8: - | R8: 7.47 | S8: =IF($Q8="","",IF($Q8="-","-",$P8*$Q8)) -> - | T8: =IF($R8="","",IF($R8="-","-",$P8*$R8)) -> 747 | U8: 46006 | V8: 46001 | X8: FOB AIR | Y8: INDEL | Z8: NO | AA8: NO Info | AB8: FOB
A9: =IF('FY_25-26'!$D9="","",IF(OR('FY_25-26'!$D9="BOOHOO LADIES",'FY_25-26'!$D9="PLT",'FY_25-26'!$D9="KM"),"BUSINESS UNIT 1 - KIRAN","BUSINESS UNIT 2 - SHIFALI")) -> BUSINESS UNIT 2 - SHIFALI | B9: =IF('FY_25-26'!$C9<>"",ROW()-ROW($B$2),"") -> 7 | C9: BANSWARA | D9: BURTON | E9: OLIVIA KANE | F9: MEN | G9: SOFT WOVEN | H9: BBB06058 | I9: REBUY | J9: BLACK | K9: 3380999 | L9: UK | M9: AA66FC0105 | N9: BlackRegular FitSuitTrousersblack | O9: 45904 | P9: 100 | Q9: 9.15 | R9: - | S9: =IF($Q9="","",IF($Q9="-","-",$P9*$Q9)) -> 915 | T9: =IF($R9="","",IF($R9="-","-",$P9*$R9)) -> - | U9: 46153 | V9: - | X9: FOB SEA | Y9: INMUD | Z9: NO | AA9: NO Info | AB9: FOB
A10: =IF('FY_25-26'!$D10="","",IF(OR('FY_25-26'!$D10="BOOHOO LADIES",'FY_25-26'!$D10="PLT",'FY_25-26'!$D10="KM"),"BUSINESS UNIT 1 - KIRAN","BUSINESS UNIT 2 - SHIFALI")) -> BUSINESS UNIT 2 - SHIFALI | B10: =IF('FY_25-26'!$C10<>"",ROW()-ROW($B$2),"") -> 8 | C10: BANSWARA | D10: BURTON | E10: OLIVIA KANE | F10: MEN | G10: SOFT WOVEN | H10: BBB06056 | I10: REBUY | J10: NAVY | K10: 3380998 | L10: UK | M10: AA66FBFF87 | N10: NavyRegular FitSuitTrousersnavy | O10: 45904 | P10: 150 | Q10: 9.15 | R10: - | S10: =IF($Q10="","",IF($Q10="-","-",$P10*$Q10)) -> 1372.5 | T10: =IF($R10="","",IF($R10="-","-",$P10*$R10)) -> - | U10: 46118 | V10: - | X10: FOB SEA | Y10: INMUD | Z10: NO | AA10: NO Info | AB10: FOB
A11: =IF('FY_25-26'!$D11="","",IF(OR('FY_25-26'!$D11="BOOHOO LADIES",'FY_25-26'!$D11="PLT",'FY_25-26'!$D11="KM"),"BUSINESS UNIT 1 - KIRAN","BUSINESS UNIT 2 - SHIFALI")) -> BUSINESS UNIT 2 - SHIFALI | B11: =IF('FY_25-26'!$C11<>"",ROW()-ROW($B$2),"") -> 9 | C11: BANSWARA | D11: BURTON | E11: OLIVIA KANE | F11: MEN | G11: SOFT WOVEN | H11: BBB06056 | I11: REBUY | J11: NAVY | K11: 3381000 | L11: UK | M11: AA66FBFF87 | N11: NavyRegular FitSuitTrousersnavy | O11: 45904 | P11: 200 | Q11: 9.15 | R11: - | S11: =IF($Q11="","",IF($Q11="-","-",$P11*$Q11)) -> 1830 | T11: =IF($R11="","",IF($R11="-","-",$P11*$R11)) -> - | U11: 46062 | V11: - | X11: FOB SEA | Y11: INMUD | Z11: NO | AA11: NO Info | AB11: FOB
A12: =IF('FY_25-26'!$D12="","",IF(OR('FY_25-26'!$D12="BOOHOO LADIES",'FY_25-26'!$D12="PLT",'FY_25-26'!$D12="KM"),"BUSINESS UNIT 1 - KIRAN","BUSINESS UNIT 2 - SHIFALI")) -> BUSINESS UNIT 2 - SHIFALI | B12: =IF('FY_25-26'!$C12<>"",ROW()-ROW($B$2),"") -> 10 | C12: BANSWARA | D12: BURTON | E12: OLIVIA KANE | F12: MEN | G12: SOFT WOVEN | H12: BBB06055 | I12: REBUY | J12: NAVY | K12: 3381001 | L12: UK | M12: AA66FBFD51 | N12: NavyRegular FitSuit Jacketnavy | O12: 45904 | P12: 150 | Q12: 18.2 | R12: - | S12: =IF($Q12="","",IF($Q12="-","-",$P12*$Q12)) -> 2730 | T12: =IF($R12="","",IF($R12="-","-",$P12*$R12)) -> - | U12: 46118 | V12: - | X12: FOB SEA | Y12: INMUD | Z12: NO | AA12: NO Info | AB12: FOB
A13: =IF('FY_25-26'!$D13="","",IF(OR('FY_25-26'!$D13="BOOHOO LADIES",'FY_25-26'!$D13="PLT",'FY_25-26'!$D13="KM"),"BUSINESS UNIT 1 - KIRAN","BUSINESS UNIT 2 - SHIFALI")) -> BUSINESS UNIT 2 - SHIFALI | B13: =IF('FY_25-26'!$C13<>"",ROW()-ROW($B$2),"") -> 11 | C13: WINDESON TRADEMART | D13: NASTYGAL | E13: GEORGIA MAY BARTOSZ | F13: LADIES | G13: SOFT WOVEN | H13: BGG27906 | I13: NEW | J13: LEMON | K13: 3381208 | L13: UK | M13: GB68B84DF3 | N13: ChiffonPaintedFloral GodetCowl MaxiDresslemon | O13: 45904 | P13: 100 | Q13: - | R13: 9.9 | S13: =IF($Q13="","",IF($Q13="-","-",$P13*$Q13)) -> - | T13: =IF($R13="","",IF($R13="-","-",$P13*$R13)) -> 990 | U13: 46006 | V13: - | X13: FOB SEA | Y13: INMUD | Z13: NO | AA13: NO Info | AB13: FOB
A14: =IF('FY_25-26'!$D14="","",IF(OR('FY_25-26'!$D14="BOOHOO LADIES",'FY_25-26'!$D14="PLT",'FY_25-26'!$D14="KM"),"BUSINESS UNIT 1 - KIRAN","BUSINESS UNIT 2 - SHIFALI")) -> BUSINESS UNIT 2 - SHIFALI | B14: =IF('FY_25-26'!$C14<>"",ROW()-ROW($B$2),"") -> 12 | C14: N&A Design | D14: WALLIS | E14: FLORENCE DRIVER | F14: LADIES | G14: SOFT WOVEN | H14: BYY17071 | I14: NEW | J14: PINK | K14: 3381389 | L14: UK | M14: SS26-EH054 | N14: MeshPleatedTwist WaistMidi Dresspink | O14: 45904 | P14: 120 | Q14: - | R14: 14 | S14: =IF($Q14="","",IF($Q14="-","-",$P14*$Q14)) -> - | T14: =IF($R14="","",IF($R14="-","-",$P14*$R14)) -> 1680 | U14: 45993 | V14: 46014 | X14: FOB SEA | Y14: INMUD | Z14: NO | AA14: NO Info | AB14: FOB
A15: =IF('FY_25-26'!$D15="","",IF(OR('FY_25-26'!$D15="BOOHOO LADIES",'FY_25-26'!$D15="PLT",'FY_25-26'!$D15="KM"),"BUSINESS UNIT 1 - KIRAN","BUSINESS UNIT 2 - SHIFALI")) -> BUSINESS UNIT 2 - SHIFALI | B15: =IF('FY_25-26'!$C15<>"",ROW()-ROW($B$2),"") -> 13 | C15: N&A Design | D15: WALLIS | E15: FLORENCE DRIVER | F15: LADIES | G15: SOFT WOVEN | H15: BYY17072 | I15: NEW | J15: NAVY | K15: 3381390 | L15: UK | M15: BYY09831 | N15: Floral MeshSatin TieMidi Dressnavy | O15: 45904 | P15: 153 | Q15: - | R15: 12.5 | S15: =IF($Q15="","",IF($Q15="-","-",$P15*$Q15)) -> - | T15: =IF($R15="","",IF($R15="-","-",$P15*$R15)) -> 1912.5 | U15: 45993 | V15: - | X15: FOB SEA | Y15: INMUD | Z15: NO | AA15: NO Info | AB15: FOB
A16: =IF('FY_25-26'!$D16="","",IF(OR('FY_25-26'!$D16="BOOHOO LADIES",'FY_25-26'!$D16="PLT",'FY_25-26'!$D16="KM"),"BUSINESS UNIT 1 - KIRAN","BUSINESS UNIT 2 - SHIFALI")) -> BUSINESS UNIT 2 - SHIFALI | B16: =IF('FY_25-26'!$C16<>"",ROW()-ROW($B$2),"") -> 14 | C16: N&A Design | D16: WALLIS | E16: FLORENCE DRIVER | F16: LADIES | G16: SOFT WOVEN | H16: BYY17073 | I16: NEW | J16: NAVY | K16: 3381391 | L16: UK | M16: KHSS26-123 | N16: Mesh Lace TrimMaxi Dress Navy | O16: 45904 | P16: 153 | Q16: - | R16: 12 | S16: =IF($Q16="","",IF($Q16="-","-",$P16*$Q16)) -> - | T16: =IF($R16="","",IF($R16="-","-",$P16*$R16)) -> 1836 | U16: 45993 | V16: 46014 | X16: FOB SEA | Y16: INMUD | Z16: NO | AA16: NO Info | AB16: FOB
A17: =IF('FY_25-26'!$D17="","",IF(OR('FY_25-26'!$D17="BOOHOO LADIES",'FY_25-26'!$D17="PLT",'FY_25-26'!$D17="KM"),"BUSINESS UNIT 1 - KIRAN","BUSINESS UNIT 2 - SHIFALI")) -> BUSINESS UNIT 2 - SHIFALI | B17: =IF('FY_25-26'!$C17<>"",ROW()-ROW($B$2),"") -> 15 | C17: N&A Design | D17: WALLIS | E17: FLORENCE DRIVER | F17: LADIES | G17: SOFT WOVEN | H17: BYY17073 | I17: NEW | J17: BLUSH | K17: 3381391 | L17: UK | M17: KHSS26-123 | N17: Mesh Lace TrimMaxi Dress Navy | O17: 45904 | P17: 153 | Q17: - | R17: 12 | S17: =IF($Q17="","",IF($Q17="-","-",$P17*$Q17)) -> - | T17: =IF($R17="","",IF($R17="-","-",$P17*$R17)) -> 1836 | U17: 45993 | V17: 46007 | X17: FOB SEA | Y17: INMUD | Z17: NO | AA17: NO Info | AB17: FOB
A18: =IF('FY_25-26'!$D18="","",IF(OR('FY_25-26'!$D18="BOOHOO LADIES",'FY_25-26'!$D18="PLT",'FY_25-26'!$D18="KM"),"BUSINESS UNIT 1 - KIRAN","BUSINESS UNIT 2 - SHIFALI")) -> BUSINESS UNIT 2 - SHIFALI | B18: =IF('FY_25-26'!$C18<>"",ROW()-ROW($B$2),"") -> 16 | C18: N&A Design | D18: WALLIS | E18: FLORENCE DRIVER | F18: LADIES | G18: SOFT WOVEN | H18: BYY17070 | I18: NEW | J18: BLUE | K18: 3381388 | L18: UK | M18: SS26-EH054 | N18: Petite MeshPleatedTwist WaistMidi Dressblue | O18: 45904 | P18: 120 | Q18: - | R18: 14 | S18: =IF($Q18="","",IF($Q18="-","-",$P18*$Q18)) -> - | T18: =IF($R18="","",IF($R18="-","-",$P18*$R18)) -> 1680 | U18: 45993 | V18: 46014 | X18: FOB SEA | Y18: INMUD | Z18: NO | AA18: NO Info | AB18: FOB
A19: =IF('FY_25-26'!$D19="","",IF(OR('FY_25-26'!$D19="BOOHOO LADIES",'FY_25-26'!$D19="PLT",'FY_25-26'!$D19="KM"),"BUSINESS UNIT 1 - KIRAN","BUSINESS UNIT 2 - SHIFALI")) -> BUSINESS UNIT 2 - SHIFALI | B19: =IF('FY_25-26'!$C19<>"",ROW()-ROW($B$2),"") -> 17 | C19: MIR | D19: COAST | E19: EMMA HAMILTON | F19: LADIES | G19: SOFT WOVEN | H19: BCC10211 | I19: REBUY | J19: IVORY | K19: 3383261 | L19: UK | M19: OB1785 | N19: Beaded andEmbellishedCap SleeveFishtailWeddingDress ivory | O19: 45911 | P19: 151 | Q19: - | R19: 36.5 | S19: =IF($Q19="","",IF($Q19="-","-",$P19*$Q19)) -> - | T19: =IF($R19="","",IF($R19="-","-",$P19*$R19)) -> 5511.5 | U19: 46021 | V19: - | X19: FOB SEA | Y19: INMUD | Z19: NO | AA19: NO Info | AB19: FOB
A20: =IF('FY_25-26'!$D20="","",IF(OR('FY_25-26'!$D20="BOOHOO LADIES",'FY_25-26'!$D20="PLT",'FY_25-26'!$D20="KM"),"BUSINESS UNIT 1 - KIRAN","BUSINESS UNIT 2 - SHIFALI")) -> BUSINESS UNIT 2 - SHIFALI | B20: =IF('FY_25-26'!$C20<>"",ROW()-ROW($B$2),"") -> 18 | C20: MIR | D20: COAST | E20: EMMA HAMILTON | F20: LADIES | G20: SOFT WOVEN | H20: BCC06877 | I20: REBUY | J20: IVORY | K20: 3383262 | L20: UK | M20: bardotlong | N20: Bardot LongSleeveWrap SkirtMini Dressivory | O20: 45911 | P20: 200 | Q20: - | R20: 32.1 | S20: =IF($Q20="","",IF($Q20="-","-",$P20*$Q20)) -> - | T20: =IF($R20="","",IF($R20="-","-",$P20*$R20)) -> 6420 | U20: 46021 | V20: - | X20: FOB AIR | Y20: INDEL | Z20: NO | AA20: NO Info | AB20: FOB
A21: =IF('FY_25-26'!$D21="","",IF(OR('FY_25-26'!$D21="BOOHOO LADIES",'FY_25-26'!$D21="PLT",'FY_25-26'!$D21="KM"),"BUSINESS UNIT 1 - KIRAN","BUSINESS UNIT 2 - SHIFALI")) -> BUSINESS UNIT 2 - SHIFALI | B21: =IF('FY_25-26'!$C21<>"",ROW()-ROW($B$2),"") -> 19 | C21: WINDESON TRADEMART | D21: COAST | E21: EMMA HAMILTON | F21: LADIES | G21: SOFT WOVEN | H21: BCC06124 | I21: REBUY | J21: MALBEC | K21: 3383248 | L21: UK | M21: MegaRuffleGeorgette | N21: CoastHonouredRuffleGeorgetteMaxiBridesmaidDressmalbec | O21: 45911 | P21: 200 | Q21: - | R21: 11 | S21: =IF($Q21="","",IF($Q21="-","-",$P21*$Q21)) -> - | T21: =IF($R21="","",IF($R21="-","-",$P21*$R21)) -> 2200 | U21: 46019 | V21: - | X21: FOB AIR | Y21: INDEL | Z21: NO | AA21: NO Info | AB21: FOB
A22: =IF('FY_25-26'!$D22="","",IF(OR('FY_25-26'!$D22="BOOHOO LADIES",'FY_25-26'!$D22="PLT",'FY_25-26'!$D22="KM"),"BUSINESS UNIT 1 - KIRAN","BUSINESS UNIT 2 - SHIFALI")) -> BUSINESS UNIT 2 - SHIFALI | B22: =IF('FY_25-26'!$C22<>"",ROW()-ROW($B$2),"") -> 20 | C22: WINDESON TRADEMART | D22: COAST | E22: EMMA HAMILTON | F22: LADIES | G22: SOFT WOVEN | H22: BCC06124 | I22: REBUY | J22: NAVY | K22: 3383248 | L22: UK | M22: MegaRuffleGeorgette | N22: CoastHonouredRuffleGeorgetteMaxiBridesmaidDressmalbec | O22: 45911 | P22: 200 | Q22: - | R22: 11 | S22: =IF($Q22="","",IF($Q22="-","-",$P22*$Q22)) -> - | T22: =IF($R22="","",IF($R22="-","-",$P22*$R22)) -> 2200 | U22: 46019 | V22: - | X22: FOB AIR | Y22: INDEL | Z22: NO | AA22: NO Info | AB22: FOB
A23: =IF('FY_25-26'!$D23="","",IF(OR('FY_25-26'!$D23="BOOHOO LADIES",'FY_25-26'!$D23="PLT",'FY_25-26'!$D23="KM"),"BUSINESS UNIT 1 - KIRAN","BUSINESS UNIT 2 - SHIFALI")) -> BUSINESS UNIT 2 - SHIFALI | B23: =IF('FY_25-26'!$C23<>"",ROW()-ROW($B$2),"") -> 21 | C23: WINDESON TRADEMART | D23: NASTYGAL | E23: KIERAN DAVIES | F23: LADIES | G23: SOFT WOVEN | H23: BGG26907 | I23: REBUY | J23: BLACK | K23: 3383587 | L23: UK | M23: GB67ACC139 | N23: Floral LaceTrim CutOut MiniDress black | O23: 45911 | P23: 145 | Q23: - | R23: 6.85 | S23: =IF($Q23="","",IF($Q23="-","-",$P23*$Q23)) -> - | T23: =IF($R23="","",IF($R23="-","-",$P23*$R23)) -> 993.25 | U23: 45996 | V23: - | X23: FOB SEA | Y23: INMUD | Z23: NO | AA23: NO Info | AB23: FOB
A24: =IF('FY_25-26'!$D24="","",IF(OR('FY_25-26'!$D24="BOOHOO LADIES",'FY_25-26'!$D24="PLT",'FY_25-26'!$D24="KM"),"BUSINESS UNIT 1 - KIRAN","BUSINESS UNIT 2 - SHIFALI")) -> BUSINESS UNIT 2 - SHIFALI | B24: =IF('FY_25-26'!$C24<>"",ROW()-ROW($B$2),"") -> 22 | C24: STELLIFY | D24: NASTYGAL | E24: ANIA FAJGIER | F24: LADIES | G24: SOFT WOVEN | H24: BGG28163 | I24: NEW | J24: PURPLE | K24: 3390335 | L24: UK | M24: AF68D53B30 | N24: LobsterPrint SatinStripePajamaTrouser Setpurple | O24: 45932 | P24: 151 | Q24: - | R24: 7.75 | S24: =IF($Q24="","",IF($Q24="-","-",$P24*$Q24)) -> - | T24: =IF($R24="","",IF($R24="-","-",$P24*$R24)) -> 1170.25 | U24: 46020 | V24: - | X24: FOB AIR | Y24: INDEL | Z24: NO | AA24: NO Info | AB24: FOB
A25: =IF('FY_25-26'!$D25="","",IF(OR('FY_25-26'!$D25="BOOHOO LADIES",'FY_25-26'!$D25="PLT",'FY_25-26'!$D25="KM"),"BUSINESS UNIT 1 - KIRAN","BUSINESS UNIT 2 - SHIFALI")) -> BUSINESS UNIT 2 - SHIFALI | B25: =IF('FY_25-26'!$C25<>"",ROW()-ROW($B$2),"") -> 23 | C25: WINDESON TRADEMART | D25: NASTYGAL | E25: ABBIE HAWTHORN | F25: LADIES | G25: SOFT WOVEN | H25: BGG28159 | I25: NEW | J25: LEMON | K25: 3390286 | L25: UK | M25: GB68B84DF3 | N25: (AZ) ChiffonPaintedFloral GodetCowl MaxiDresslemon | O25: 45933 | P25: 100 | Q25: - | R25: 9.9 | S25: =IF($Q25="","",IF($Q25="-","-",$P25*$Q25)) -> - | T25: =IF($R25="","",IF($R25="-","-",$P25*$R25)) -> 990 | U25: 46006 | V25: 46034 | X25: FOB SEA | Y25: INMUD | Z25: NO | AA25: NO Info | AB25: FOB
A26: =IF('FY_25-26'!$D26="","",IF(OR('FY_25-26'!$D26="BOOHOO LADIES",'FY_25-26'!$D26="PLT",'FY_25-26'!$D26="KM"),"BUSINESS UNIT 1 - KIRAN","BUSINESS UNIT 2 - SHIFALI")) -> BUSINESS UNIT 2 - SHIFALI | B26: =IF('FY_25-26'!$C26<>"",ROW()-ROW($B$2),"") -> 24 | C26: WINDESON TRADEMART | D26: NASTYGAL | E26: ABBIE HAWTHORN | F26: LADIES | G26: SOFT WOVEN | H26: BGG28150 | I26: NEW | J26: GREEN | K26: 3390271 | L26: UK | M26: AW25WOV165EH | N26: (AZ) CheckLace TrimTie FrontMaxi Dressgreen | O26: 45933 | P26: 100 | Q26: - | R26: 11.55 | S26: =IF($Q26="","",IF($Q26="-","-",$P26*$Q26)) -> - | T26: =IF($R26="","",IF($R26="-","-",$P26*$R26)) -> 1155 | U26: 45999 | V26: 46011 | X26: FOB AIR | Y26: INDEL | Z26: NO | AA26: NO Info | AB26: FOB
A27: =IF('FY_25-26'!$D27="","",IF(OR('FY_25-26'!$D27="BOOHOO LADIES",'FY_25-26'!$D27="PLT",'FY_25-26'!$D27="KM"),"BUSINESS UNIT 1 - KIRAN","BUSINESS UNIT 2 - SHIFALI")) -> BUSINESS UNIT 2 - SHIFALI | B27: =IF('FY_25-26'!$C27<>"",ROW()-ROW($B$2),"") -> 25 | C27: AYAAN APPARELS | D27: NASTYGAL | E27: ABBIE HAWTHORN | F27: LADIES | G27: SOFT WOVEN | H27: BGG28147 | I27: NEW | J27: MONO | K27: 3390264 | L27: UK | M27: AW25WOV184EH | N27: (AZ) ChiffonPolka DotNeck TieElasticatedHem MiniDress mono | O27: 45933 | P27: 150 | Q27: - | R27: 6.25 | S27: =IF($Q27="","",IF($Q27="-","-",$P27*$Q27)) -> - | T27: =IF($R27="","",IF($R27="-","-",$P27*$R27)) -> 937.5 | U27: 45992 | V27: 46006 | X27: FOB AIR | Y27: INDEL | Z27: NO | AA27: NO Info | AB27: FOB
A28: =IF('FY_25-26'!$D28="","",IF(OR('FY_25-26'!$D28="BOOHOO LADIES",'FY_25-26'!$D28="PLT",'FY_25-26'!$D28="KM"),"BUSINESS UNIT 1 - KIRAN","BUSINESS UNIT 2 - SHIFALI")) -> BUSINESS UNIT 2 - SHIFALI | B28: =IF('FY_25-26'!$C28<>"",ROW()-ROW($B$2),"") -> 26 | C28: AYAAN APPARELS | D28: NASTYGAL | E28: ABBIE HAWTHORN | F28: LADIES | G28: SOFT WOVEN | H28: BGG28146 | I28: NEW | J28: BEIGE | K28: 3390260 | L28: UK | M28: AW25WOV188EH | N28: (AZ) ChiffonCheck RuffleBardot TieFront MiniDress beige | O28: 45933 | P28: 100 | Q28: - | R28: 6.75 | S28: =IF($Q28="","",IF($Q28="-","-",$P28*$Q28)) -> - | T28: =IF($R28="","",IF($R28="-","-",$P28*$R28)) -> 675 | U28: 45992 | V28: 46006 | X28: FOB AIR | Y28: INDEL | Z28: NO | AA28: NO Info | AB28: FOB
A29: =IF('FY_25-26'!$D29="","",IF(OR('FY_25-26'!$D29="BOOHOO LADIES",'FY_25-26'!$D29="PLT",'FY_25-26'!$D29="KM"),"BUSINESS UNIT 1 - KIRAN","BUSINESS UNIT 2 - SHIFALI")) -> BUSINESS UNIT 2 - SHIFALI | B29: =IF('FY_25-26'!$C29<>"",ROW()-ROW($B$2),"") -> 27 | C29: AYAAN APPARELS | D29: NASTYGAL | E29: ABBIE HAWTHORN | F29: LADIES | G29: SOFT WOVEN | H29: BGG28145 | I29: NEW | J29: BEIGE | K29: 3390259 | L29: UK | M29: AW25WOV190EH | N29: (AZ) ChiffonCheck CamiTop beige | O29: 45933 | P29: 100 | Q29: - | R29: 4.9 | S29: =IF($Q29="","",IF($Q29="-","-",$P29*$Q29)) -> - | T29: =IF($R29="","",IF($R29="-","-",$P29*$R29)) -> 490 | U29: 45992 | V29: 46006 | X29: FOB AIR | Y29: INDEL | Z29: NO | AA29: NO Info | AB29: FOB
A30: =IF('FY_25-26'!$D30="","",IF(OR('FY_25-26'!$D30="BOOHOO LADIES",'FY_25-26'!$D30="PLT",'FY_25-26'!$D30="KM"),"BUSINESS UNIT 1 - KIRAN","BUSINESS UNIT 2 - SHIFALI")) -> BUSINESS UNIT 2 - SHIFALI | B30: =IF('FY_25-26'!$C30<>"",ROW()-ROW($B$2),"") -> 28 | C30: AYAAN APPARELS | D30: NASTYGAL | E30: ABBIE HAWTHORN | F30: LADIES | G30: SOFT WOVEN | H30: BGG28144 | I30: NEW | J30: BEIGE | K30: 3390255 | L30: UK | M30: AW25WOV189EH | N30: (AZ) ChiffonCheck BiasMaxi Skirtbeige | O30: 45933 | P30: 100 | Q30: - | R30: 6.5 | S30: =IF($Q30="","",IF($Q30="-","-",$P30*$Q30)) -> - | T30: =IF($R30="","",IF($R30="-","-",$P30*$R30)) -> 650 | U30: 45992 | V30: 46006 | X30: FOB AIR | Y30: INDEL | Z30: NO | AA30: NO Info | AB30: FOB
A31: =IF('FY_25-26'!$D31="","",IF(OR('FY_25-26'!$D31="BOOHOO LADIES",'FY_25-26'!$D31="PLT",'FY_25-26'!$D31="KM"),"BUSINESS UNIT 1 - KIRAN","BUSINESS UNIT 2 - SHIFALI")) -> BUSINESS UNIT 2 - SHIFALI | B31: =IF('FY_25-26'!$C31<>"",ROW()-ROW($B$2),"") -> 29 | C31: U&I FASHION | D31: NASTYGAL | E31: GEORGIA MAY BARTOSZ | F31: LADIES | G31: SOFT WOVEN | H31: BGG28175 | I31: NEW | J31: CREAM | K31: 3391588 | L31: UK | M31: GB68DFD230 | N31: Lace Pearl Tassel Shirt | O31: 45938 | P31: 81 | Q31: 52.75 | R31: - | S31: =IF($Q31="","",IF($Q31="-","-",$P31*$Q31)) -> 4272.75 | T31: =IF($R31="","",IF($R31="-","-",$P31*$R31)) -> - | U31: 46041 | V31: - | X31: FOB AIR | Y31: INDEL | Z31: NO | AA31: NO Info | AB31: FOB
A32: =IF('FY_25-26'!$D32="","",IF(OR('FY_25-26'!$D32="BOOHOO LADIES",'FY_25-26'!$D32="PLT",'FY_25-26'!$D32="KM"),"BUSINESS UNIT 1 - KIRAN","BUSINESS UNIT 2 - SHIFALI")) -> BUSINESS UNIT 2 - SHIFALI | B32: =IF('FY_25-26'!$C32<>"",ROW()-ROW($B$2),"") -> 30 | C32: U&I FASHION | D32: NASTYGAL | E32: GEORGIA MAY BARTOSZ | F32: LADIES | G32: SOFT WOVEN | H32: BGG28174 | I32: NEW | J32: CREAM | K32: 3391589 | L32: UK | M32: GB68DFD083 | N32: Lace Pearl Tassel Trim Ruffle Open Back Mini Dress | O32: 45938 | P32: 81 | Q32: 48.75 | R32: - | S32: =IF($Q32="","",IF($Q32="-","-",$P32*$Q32)) -> 3948.75 | T32: =IF($R32="","",IF($R32="-","-",$P32*$R32)) -> - | U32: 46041 | V32: - | X32: FOB AIR | Y32: INDEL | Z32: NO | AA32: NO Info | AB32: FOB
A33: =IF('FY_25-26'!$D33="","",IF(OR('FY_25-26'!$D33="BOOHOO LADIES",'FY_25-26'!$D33="PLT",'FY_25-26'!$D33="KM"),"BUSINESS UNIT 1 - KIRAN","BUSINESS UNIT 2 - SHIFALI")) -> BUSINESS UNIT 2 - SHIFALI | B33: =IF('FY_25-26'!$C33<>"",ROW()-ROW($B$2),"") -> 31 | C33: U&I FASHION | D33: NASTYGAL | E33: GEORGIA MAY BARTOSZ | F33: LADIES | G33: SOFT WOVEN | H33: BGG28218 | I33: NEW | J33: BABY PINK | K33: 3397565 | L33: UK | M33: GB68A735ED | N33: Two Layer Disc Embellished Strappy Mini Dress | O33: 45933 | P33: 100 | Q33: 47 | R33: - | S33: =IF($Q33="","",IF($Q33="-","-",$P33*$Q33)) -> 4700 | T33: =IF($R33="","",IF($R33="-","-",$P33*$R33)) -> - | U33: 45992 | V33: 46006 | X33: FOB AIR | Y33: INDEL | Z33: NO | AA33: NO Info | AB33: FOB
A34: =IF('FY_25-26'!$D34="","",IF(OR('FY_25-26'!$D34="BOOHOO LADIES",'FY_25-26'!$D34="PLT",'FY_25-26'!$D34="KM"),"BUSINESS UNIT 1 - KIRAN","BUSINESS UNIT 2 - SHIFALI")) -> BUSINESS UNIT 2 - SHIFALI | B34: =IF('FY_25-26'!$C34<>"",ROW()-ROW($B$2),"") -> 32 | C34: CREST DESIGN | D34: DP | E34: SASKIA VERDERBER | F34: LADIES | G34: SOFT WOVEN | H34: BQQ23100 | I34: NEW | J34: PINK | K34: 3391190 | L34: UK | M34: SV68E3F2D1 | N34: (S) DitsyShirredBodice MidiDress pink | O34: 45937 | P34: 150 | Q34: - | R34: 7.95 | S34: =IF($Q34="","",IF($Q34="-","-",$P34*$Q34)) -> - | T34: =IF($R34="","",IF($R34="-","-",$P34*$R34)) -> 1192.5 | U34: 46000 | V34: - | X34: FOB SEA | Y34: INMUD | Z34: NO | AA34: NO Info | AB34: FOB
A35: =IF('FY_25-26'!$D35="","",IF(OR('FY_25-26'!$D35="BOOHOO LADIES",'FY_25-26'!$D35="PLT",'FY_25-26'!$D35="KM"),"BUSINESS UNIT 1 - KIRAN","BUSINESS UNIT 2 - SHIFALI")) -> BUSINESS UNIT 2 - SHIFALI | B35: =IF('FY_25-26'!$C35<>"",ROW()-ROW($B$2),"") -> 33 | C35: CREST DESIGN | D35: DP | E35: SASKIA VERDERBER | F35: LADIES | G35: SOFT WOVEN | H35: BQQ23099 | I35: NEW | J35: BLACK | K35: 3391189 | L35: UK | M35: SV68E3F24E | N35: (S) SpotButtonThroughFlutterSleeve MidiDress black | O35: 45937 | P35: 180 | Q35: - | R35: 7.55 | S35: =IF($Q35="","",IF($Q35="-","-",$P35*$Q35)) -> - | T35: =IF($R35="","",IF($R35="-","-",$P35*$R35)) -> 1359 | U35: 46000 | V35: - | X35: FOB SEA | Y35: INMUD | Z35: NO | AA35: NO Info | AB35: FOB
A36: =IF('FY_25-26'!$D36="","",IF(OR('FY_25-26'!$D36="BOOHOO LADIES",'FY_25-26'!$D36="PLT",'FY_25-26'!$D36="KM"),"BUSINESS UNIT 1 - KIRAN","BUSINESS UNIT 2 - SHIFALI")) -> BUSINESS UNIT 2 - SHIFALI | B36: =IF('FY_25-26'!$C36<>"",ROW()-ROW($B$2),"") -> 34 | C36: CREST DESIGN | D36: DP | E36: SASKIA VERDERBER | F36: LADIES | G36: SOFT WOVEN | H36: BQQ23098 | I36: NEW | J36: GREEN | K36: 3391188 | L36: UK | M36: SV68E3F15B | N36: (S) GreenAnimalFlutterSleeveShirredWaist MidiDress green | O36: 45937 | P36: 180 | Q36: - | R36: 6.45 | S36: =IF($Q36="","",IF($Q36="-","-",$P36*$Q36)) -> - | T36: =IF($R36="","",IF($R36="-","-",$P36*$R36)) -> 1161 | U36: 46000 | V36: - | X36: FOB SEA | Y36: INMUD | Z36: NO | AA36: NO Info | AB36: FOB
A37: =IF('FY_25-26'!$D37="","",IF(OR('FY_25-26'!$D37="BOOHOO LADIES",'FY_25-26'!$D37="PLT",'FY_25-26'!$D37="KM"),"BUSINESS UNIT 1 - KIRAN","BUSINESS UNIT 2 - SHIFALI")) -> BUSINESS UNIT 2 - SHIFALI | B37: =IF('FY_25-26'!$C37<>"",ROW()-ROW($B$2),"") -> 35 | C37: MIR | D37: COAST | E37: EMMA HAMILTION | F37: LADIES | G37: SOFT WOVEN | H37: BCC12753 | I37: NEW | J37: SAGE | K37: 3391142 | L37: UK | M37: BCC07492 | N37: Cap SleevePearlEmbellishedPencil Dresssage | O37: 45937 | P37: 151 | Q37: - | R37: 34 | S37: =IF($Q37="","",IF($Q37="-","-",$P37*$Q37)) -> - | T37: =IF($R37="","",IF($R37="-","-",$P37*$R37)) -> 5134 | U37: 46020 | V37: - | X37: FOB SEA | Y37: INMUD | Z37: NO | AA37: NO Info | AB37: FOB
A38: =IF('FY_25-26'!$D38="","",IF(OR('FY_25-26'!$D38="BOOHOO LADIES",'FY_25-26'!$D38="PLT",'FY_25-26'!$D38="KM"),"BUSINESS UNIT 1 - KIRAN","BUSINESS UNIT 2 - SHIFALI")) -> BUSINESS UNIT 2 - SHIFALI | B38: =IF('FY_25-26'!$C38<>"",ROW()-ROW($B$2),"") -> 36 | C38: MIR | D38: COAST | E38: EMMA HAMILTION | F38: LADIES | G38: SOFT WOVEN | H38: BCC12752 | I38: NEW | J38: LEMON | K38: 3391141 | L38: UK | M38: BCC07492 | N38: Cap SleevePearlEmbellishedPencil Dresslemon | O38: 45937 | P38: 151 | Q38: - | R38: 34 | S38: =IF($Q38="","",IF($Q38="-","-",$P38*$Q38)) -> - | T38: =IF($R38="","",IF($R38="-","-",$P38*$R38)) -> 5134 | U38: 45992 | V38: - | X38: FOB SEA | Y38: INMUD | Z38: NO | AA38: NO Info | AB38: FOB
A39: =IF('FY_25-26'!$D39="","",IF(OR('FY_25-26'!$D39="BOOHOO LADIES",'FY_25-26'!$D39="PLT",'FY_25-26'!$D39="KM"),"BUSINESS UNIT 1 - KIRAN","BUSINESS UNIT 2 - SHIFALI")) -> BUSINESS UNIT 2 - SHIFALI | B39: =IF('FY_25-26'!$C39<>"",ROW()-ROW($B$2),"") -> 37 | C39: AYAAN APPARELS | D39: NASTYGAL | E39: ABBIE HAWTHORN | F39: LADIES | G39: SOFT WOVEN | H39: BGG28171 | I39: NEW | J39: STEEL | K39: 3391084 | L39: UK | M39: AW25WOV063EH | N39: (Az) VelvetLace InsertButtonDetail CamiTop steel | O39: 45937 | P39: 252 | Q39: - | R39: 5.15 | S39: =IF($Q39="","",IF($Q39="-","-",$P39*$Q39)) -> - | T39: =IF($R39="","",IF($R39="-","-",$P39*$R39)) -> 1297.8 | U39: 45945 | V39: - | X39: FOB AIR | Y39: INDEL | Z39: NO | AA39: NO Info | AB39: FOB
A40: =IF('FY_25-26'!$D40="","",IF(OR('FY_25-26'!$D40="BOOHOO LADIES",'FY_25-26'!$D40="PLT",'FY_25-26'!$D40="KM"),"BUSINESS UNIT 1 - KIRAN","BUSINESS UNIT 2 - SHIFALI")) -> BUSINESS UNIT 2 - SHIFALI | B40: =IF('FY_25-26'!$C40<>"",ROW()-ROW($B$2),"") -> 38 | C40: AYAAN APPARELS | D40: NASTYGAL | E40: ABBIE HAWTHORN | F40: LADIES | G40: SOFT WOVEN | H40: BGG28170 | I40: NEW | J40: STEEL | K40: 3391077 | L40: UK | M40: AW25WOV052EH | N40: (AZ) VelvetLace TrimTie FrontMini Dresssteel | O40: 45937 | P40: 351 | Q40: - | R40: 6.9 | S40: =IF($Q40="","",IF($Q40="-","-",$P40*$Q40)) -> - | T40: =IF($R40="","",IF($R40="-","-",$P40*$R40)) -> 2421.9 | U40: 45945 | V40: - | X40: FOB AIR | Y40: INDEL | Z40: NO | AA40: NO Info | AB40: FOB
A41: =IF('FY_25-26'!$D41="","",IF(OR('FY_25-26'!$D41="BOOHOO LADIES",'FY_25-26'!$D41="PLT",'FY_25-26'!$D41="KM"),"BUSINESS UNIT 1 - KIRAN","BUSINESS UNIT 2 - SHIFALI")) -> BUSINESS UNIT 2 - SHIFALI | B41: =IF('FY_25-26'!$C41<>"",ROW()-ROW($B$2),"") -> 39 | C41: MIR | D41: OASIS | E41: ZOE KIRBY | F41: LADIES | G41: SOFT WOVEN | H41: BAA11344 | I41: REBUY | J41: STEEL | K41: 3390977 | L41: UK | M41: BS66EDA12E | N41: EmbellishedTieShoulderDress multi | O41: 45937 | P41: 300 | Q41: - | R41: 31.5 | S41: =IF($Q41="","",IF($Q41="-","-",$P41*$Q41)) -> - | T41: =IF($R41="","",IF($R41="-","-",$P41*$R41)) -> 9450 | U41: 45999 | V41: 46048 | X41: FOB SEA | Y41: INMUD | Z41: NO | AA41: NO Info | AB41: FOB
A42: =IF('FY_25-26'!$D42="","",IF(OR('FY_25-26'!$D42="BOOHOO LADIES",'FY_25-26'!$D42="PLT",'FY_25-26'!$D42="KM"),"BUSINESS UNIT 1 - KIRAN","BUSINESS UNIT 2 - SHIFALI")) -> BUSINESS UNIT 2 - SHIFALI | B42: =IF('FY_25-26'!$C42<>"",ROW()-ROW($B$2),"") -> 40 | C42: MIR | D42: OASIS | E42: ZOE KIRBY | F42: LADIES | G42: SOFT WOVEN | H42: BAA11359 | I42: REBUY | J42: NEUTRAL | K42: 3390978 | L42: UK | M42: BS66EDA76B | N42: HandEmbellishedLong SleeveMidi Dressneutral | O42: 45937 | P42: 252 | Q42: - | R42: 31.5 | S42: =IF($Q42="","",IF($Q42="-","-",$P42*$Q42)) -> - | T42: =IF($R42="","",IF($R42="-","-",$P42*$R42)) -> 7938 | U42: 45999 | V42: 46020 | X42: FOB SEA | Y42: INMUD | Z42: NO | AA42: NO Info | AB42: FOB
A43: =IF('FY_25-26'!$D43="","",IF(OR('FY_25-26'!$D43="BOOHOO LADIES",'FY_25-26'!$D43="PLT",'FY_25-26'!$D43="KM"),"BUSINESS UNIT 1 - KIRAN","BUSINESS UNIT 2 - SHIFALI")) -> BUSINESS UNIT 2 - SHIFALI | B43: =IF('FY_25-26'!$C43<>"",ROW()-ROW($B$2),"") -> 41 | C43: MIR | D43: OASIS | E43: ZOE KIRBY | F43: LADIES | G43: SOFT WOVEN | H43: BAA11358 | I43: REBUY | J43: BLACK | K43: 3390976 | L43: UK | M43: BS66EDA703 | N43: FloralEmbellishedSplit MidiDress black | O43: 45937 | P43: 252 | Q43: - | R43: 31.5 | S43: =IF($Q43="","",IF($Q43="-","-",$P43*$Q43)) -> - | T43: =IF($R43="","",IF($R43="-","-",$P43*$R43)) -> 7938 | U43: 45999 | V43: 46013 | X43: FOB SEA | Y43: INMUD | Z43: NO | AA43: NO Info | AB43: FOB
A44: =IF('FY_25-26'!$D44="","",IF(OR('FY_25-26'!$D44="BOOHOO LADIES",'FY_25-26'!$D44="PLT",'FY_25-26'!$D44="KM"),"BUSINESS UNIT 1 - KIRAN","BUSINESS UNIT 2 - SHIFALI")) -> BUSINESS UNIT 2 - SHIFALI | B44: =IF('FY_25-26'!$C44<>"",ROW()-ROW($B$2),"") -> 42 | C44: CREST DESIGN | D44: DP | E44: LUCY SHEPPARD | F44: LADIES | G44: SOFT WOVEN | H44: BQQ23156 | I44: NEW | J44: PINK | K44: 3391961 | L44: UK | M44: LS68E774CA | N44: Petite LaceTrim AngelSleeve MiniDress pink | O44: 45939 | P44: 200 | Q44: - | R44: 7.65 | S44: =IF($Q44="","",IF($Q44="-","-",$P44*$Q44)) -> - | T44: =IF($R44="","",IF($R44="-","-",$P44*$R44)) -> 1530 | U44: 46036 | V44: - | X44: FOB SEA | Y44: INMUD | Z44: NO | AA44: NO Info | AB44: FOB
A45: =IF('FY_25-26'!$D45="","",IF(OR('FY_25-26'!$D45="BOOHOO LADIES",'FY_25-26'!$D45="PLT",'FY_25-26'!$D45="KM"),"BUSINESS UNIT 1 - KIRAN","BUSINESS UNIT 2 - SHIFALI")) -> BUSINESS UNIT 2 - SHIFALI | B45: =IF('FY_25-26'!$C45<>"",ROW()-ROW($B$2),"") -> 43 | C45: CREST DESIGN | D45: DP | E45: LUCY SHEPPARD | F45: LADIES | G45: SOFT WOVEN | H45: BQQ23155 | I45: NEW | J45: BLUE | K45: 3391951 | L45: UK | M45: LS68E773D3 | N45: PetiteContrastStitchShirredBodice PuffSleeve MidiDress blue | O45: 45939 | P45: 200 | Q45: - | R45: 9.95 | S45: =IF($Q45="","",IF($Q45="-","-",$P45*$Q45)) -> - | T45: =IF($R45="","",IF($R45="-","-",$P45*$R45)) -> 1990 | U45: 46036 | V45: - | X45: FOB SEA | Y45: INMUD | Z45: NO | AA45: NO Info | AB45: FOB
A46: =IF('FY_25-26'!$D46="","",IF(OR('FY_25-26'!$D46="BOOHOO LADIES",'FY_25-26'!$D46="PLT",'FY_25-26'!$D46="KM"),"BUSINESS UNIT 1 - KIRAN","BUSINESS UNIT 2 - SHIFALI")) -> BUSINESS UNIT 2 - SHIFALI | B46: =IF('FY_25-26'!$C46<>"",ROW()-ROW($B$2),"") -> 44 | C46: CREST DESIGN | D46: DP | E46: LUCY SHEPPARD | F46: LADIES | G46: SOFT WOVEN | H46: BQQ23154 | I46: NEW | J46: MULTI | K46: 3391943 | L46: UK | M46: LS68E771C8 | N46: DP LuxeGatheredNeckline TieFront PuffSleeve MiniDress multi | O46: 45939 | P46: 200 | Q46: - | R46: 9.95 | S46: =IF($Q46="","",IF($Q46="-","-",$P46*$Q46)) -> - | T46: =IF($R46="","",IF($R46="-","-",$P46*$R46)) -> 1990 | U46: 46043 | V46: - | X46: FOB SEA | Y46: INMUD | Z46: NO | AA46: NO Info | AB46: FOB
A47: =IF('FY_25-26'!$D47="","",IF(OR('FY_25-26'!$D47="BOOHOO LADIES",'FY_25-26'!$D47="PLT",'FY_25-26'!$D47="KM"),"BUSINESS UNIT 1 - KIRAN","BUSINESS UNIT 2 - SHIFALI")) -> BUSINESS UNIT 2 - SHIFALI | B47: =IF('FY_25-26'!$C47<>"",ROW()-ROW($B$2),"") -> 45 | C47: CREST DESIGN | D47: DP | E47: LUCY SHEPPARD | F47: LADIES | G47: SOFT WOVEN | H47: BQQ23153 | I47: NEW | J47: MULTI | K47: 3391942 | L47: UK | M47: LS68E76FA8 | N47: DP LuxeAngelSleeveTiered HemPrintedMaxi Dressmulti | O47: 45939 | P47: 200 | Q47: - | R47: 11.75 | S47: =IF($Q47="","",IF($Q47="-","-",$P47*$Q47)) -> - | T47: =IF($R47="","",IF($R47="-","-",$P47*$R47)) -> 2350 | U47: 46043 | V47: - | X47: FOB SEA | Y47: INMUD | Z47: NO | AA47: NO Info | AB47: FOB
A48: =IF('FY_25-26'!$D48="","",IF(OR('FY_25-26'!$D48="BOOHOO LADIES",'FY_25-26'!$D48="PLT",'FY_25-26'!$D48="KM"),"BUSINESS UNIT 1 - KIRAN","BUSINESS UNIT 2 - SHIFALI")) -> BUSINESS UNIT 2 - SHIFALI | B48: =IF('FY_25-26'!$C48<>"",ROW()-ROW($B$2),"") -> 46 | C48: CREST DESIGN | D48: DP | E48: LUCY SHEPPARD | F48: LADIES | G48: SOFT WOVEN | H48: BQQ23158 | I48: NEW | J48: FLORAL | K48: 3391982 | L48: UK | M48: LS68E77E4C | N48: Petite RuffleShoulderPuff SleevePoplin MiniDress floral | O48: 45939 | P48: 200 | Q48: - | R48: 7.95 | S48: =IF($Q48="","",IF($Q48="-","-",$P48*$Q48)) -> - | T48: =IF($R48="","",IF($R48="-","-",$P48*$R48)) -> 1590 | U48: 46036 | V48: - | X48: FOB SEA | Y48: INMUD | Z48: NO | AA48: NO Info | AB48: FOB
A49: =IF('FY_25-26'!$D49="","",IF(OR('FY_25-26'!$D49="BOOHOO LADIES",'FY_25-26'!$D49="PLT",'FY_25-26'!$D49="KM"),"BUSINESS UNIT 1 - KIRAN","BUSINESS UNIT 2 - SHIFALI")) -> BUSINESS UNIT 2 - SHIFALI | B49: =IF('FY_25-26'!$C49<>"",ROW()-ROW($B$2),"") -> 47 | C49: CREST DESIGN | D49: DP | E49: LUCY SHEPPARD | F49: LADIES | G49: SOFT WOVEN | H49: BQQ23157 | I49: NEW | J49: FLORAL | K49: 3391981 | L49: UK | M49: LS68E77D35 | N49: Petite PuffSleevePrincessSeam PoplinMidi Dressfloral | O49: 45939 | P49: 200 | Q49: - | R49: 9.65 | S49: =IF($Q49="","",IF($Q49="-","-",$P49*$Q49)) -> - | T49: =IF($R49="","",IF($R49="-","-",$P49*$R49)) -> 1930 | U49: 46036 | V49: - | X49: FOB SEA | Y49: INMUD | Z49: NO | AA49: NO Info | AB49: FOB
A50: =IF('FY_25-26'!$D50="","",IF(OR('FY_25-26'!$D50="BOOHOO LADIES",'FY_25-26'!$D50="PLT",'FY_25-26'!$D50="KM"),"BUSINESS UNIT 1 - KIRAN","BUSINESS UNIT 2 - SHIFALI")) -> BUSINESS UNIT 2 - SHIFALI | B50: =IF('FY_25-26'!$C50<>"",ROW()-ROW($B$2),"") -> 48 | C50: MIR | D50: COAST | E50: EMMA HAMILTION | F50: LADIES | G50: SOFT WOVEN | H50: BCC07492 | I50: REBUY | J50: DUSTY BLUE | K50: 3392218 | L50: UK | M50: SC0089/OM1078 | N50: Cap SleevePearlEmbellishedPencil Dressdusty blue | O50: 45939 | P50: 100 | Q50: - | R50: 34 | S50: =IF($Q50="","",IF($Q50="-","-",$P50*$Q50)) -> - | T50: =IF($R50="","",IF($R50="-","-",$P50*$R50)) -> 3400 | U50: 46041 | V50: - | X50: FOB SEA | Y50: INMUD | Z50: NO | AA50: NO Info | AB50: FOB
A51: =IF('FY_25-26'!$D51="","",IF(OR('FY_25-26'!$D51="BOOHOO LADIES",'FY_25-26'!$D51="PLT",'FY_25-26'!$D51="KM"),"BUSINESS UNIT 1 - KIRAN","BUSINESS UNIT 2 - SHIFALI")) -> BUSINESS UNIT 2 - SHIFALI | B51: =IF('FY_25-26'!$C51<>"",ROW()-ROW($B$2),"") -> 49 | C51: MIR | D51: COAST | E51: EMMA HAMILTION | F51: LADIES | G51: SOFT WOVEN | H51: BCC07492 | I51: REBUY | J51: CHAMPAGNE | K51: 3392218 | L51: UK | M51: SC0089/OM1078 | N51: Cap SleevePearlEmbellishedPencil Dressdusty blue | O51: 45939 | P51: 100 | Q51: - | R51: 34 | S51: =IF($Q51="","",IF($Q51="-","-",$P51*$Q51)) -> - | T51: =IF($R51="","",IF($R51="-","-",$P51*$R51)) -> 3400 | U51: 46041 | V51: - | X51: FOB SEA | Y51: INMUD | Z51: NO | AA51: NO Info | AB51: FOB
A52: =IF('FY_25-26'!$D52="","",IF(OR('FY_25-26'!$D52="BOOHOO LADIES",'FY_25-26'!$D52="PLT",'FY_25-26'!$D52="KM"),"BUSINESS UNIT 1 - KIRAN","BUSINESS UNIT 2 - SHIFALI")) -> BUSINESS UNIT 2 - SHIFALI | B52: =IF('FY_25-26'!$C52<>"",ROW()-ROW($B$2),"") -> 50 | C52: MIR | D52: COAST | E52: EMMA HAMILTION | F52: LADIES | G52: SOFT WOVEN | H52: BCC06184 | I52: REBUY | J52: ROSE PINK | K52: 3392217 | L52: UK | M52: OM1263 | N52: PartySequin LongSleeve MidiDress | O52: 45939 | P52: 150 | Q52: - | R52: 31 | S52: =IF($Q52="","",IF($Q52="-","-",$P52*$Q52)) -> - | T52: =IF($R52="","",IF($R52="-","-",$P52*$R52)) -> 4650 | U52: 46041 | V52: - | X52: FOB AIR | Y52: INDEL | Z52: NO | AA52: NO Info | AB52: FOB
A53: =IF('FY_25-26'!$D53="","",IF(OR('FY_25-26'!$D53="BOOHOO LADIES",'FY_25-26'!$D53="PLT",'FY_25-26'!$D53="KM"),"BUSINESS UNIT 1 - KIRAN","BUSINESS UNIT 2 - SHIFALI")) -> BUSINESS UNIT 2 - SHIFALI | B53: =IF('FY_25-26'!$C53<>"",ROW()-ROW($B$2),"") -> 51 | C53: MIR | D53: COAST | E53: EMMA HAMILTION | F53: LADIES | G53: SOFT WOVEN | H53: BCC06184 | I53: REBUY | J53: DUSTY BLUE | K53: 3392217 | L53: UK | M53: OM1263 | N53: PartySequin LongSleeve MidiDress | O53: 45939 | P53: 100 | Q53: - | R53: 31 | S53: =IF($Q53="","",IF($Q53="-","-",$P53*$Q53)) -> - | T53: =IF($R53="","",IF($R53="-","-",$P53*$R53)) -> 3100 | U53: 46041 | V53: - | X53: FOB AIR | Y53: INDEL | Z53: NO | AA53: NO Info | AB53: FOB
A54: =IF('FY_25-26'!$D54="","",IF(OR('FY_25-26'!$D54="BOOHOO LADIES",'FY_25-26'!$D54="PLT",'FY_25-26'!$D54="KM"),"BUSINESS UNIT 1 - KIRAN","BUSINESS UNIT 2 - SHIFALI")) -> BUSINESS UNIT 2 - SHIFALI | B54: =IF('FY_25-26'!$C54<>"",ROW()-ROW($B$2),"") -> 52 | C54: MIR | D54: COAST | E54: EMMA HAMILTION | F54: LADIES | G54: SOFT WOVEN | H54: BCC06184 | I54: REBUY | J54: CHAMPAGNE | K54: 3392217 | L54: UK | M54: OM1263 | N54: PartySequin LongSleeve MidiDress | O54: 45939 | P54: 150 | Q54: - | R54: 31 | S54: =IF($Q54="","",IF($Q54="-","-",$P54*$Q54)) -> - | T54: =IF($R54="","",IF($R54="-","-",$P54*$R54)) -> 4650 | U54: 46041 | V54: - | X54: FOB AIR | Y54: INDEL | Z54: NO | AA54: NO Info | AB54: FOB
A55: =IF('FY_25-26'!$D55="","",IF(OR('FY_25-26'!$D55="BOOHOO LADIES",'FY_25-26'!$D55="PLT",'FY_25-26'!$D55="KM"),"BUSINESS UNIT 1 - KIRAN","BUSINESS UNIT 2 - SHIFALI")) -> BUSINESS UNIT 2 - SHIFALI | B55: =IF('FY_25-26'!$C55<>"",ROW()-ROW($B$2),"") -> 53 | C55: MIR | D55: COAST | E55: EMMA HAMILTION | F55: LADIES | G55: SOFT WOVEN | H55: BCC07492 | I55: REBUY | J55: DUSTY BLUE | K55: 3392216 | L55: UK | M55: SC0089/OM1078 | N55: Cap SleevePearlEmbellishedPencil Dress | O55: 45939 | P55: 100 | Q55: - | R55: 34 | S55: =IF($Q55="","",IF($Q55="-","-",$P55*$Q55)) -> - | T55: =IF($R55="","",IF($R55="-","-",$P55*$R55)) -> 3400 | U55: 46041 | V55: - | X55: FOB AIR | Y55: INDEL | Z55: NO | AA55: NO Info | AB55: FOB
... A58: =IF('FY_25-26'!$D58="","",IF(OR('FY_25-26'!$D58="BOOHOO LADIES",'FY_25-26'!$D58="PLT",'FY_25-26'!$D58="KM"),"BUSINESS UNIT 1 - KIRAN","BUSINESS UNIT 2 - SHIFALI")) -> BUSINESS UNIT 2 - SHIFALI | B58: =IF('FY_25-26'!$C58<>"",ROW()-ROW($B$2),"") -> 56 | C58: CREST DESIGN | D58: DP | E58: LUCY SHEPPARD | F58: LADIES | G58: SOFT WOVEN | H58: BQQ23159 | I58: NEW | J58: ORANGE | K58: 3392000 | L58: UK | M58: LS68E38AE9 | N58: Lace TrimAngelSleeve MiniDressorange | O58: 45939 | P58: 251 | Q58: - | R58: 7.65 | S58: =IF($Q58="","",IF($Q58="-","-",$P58*$Q58)) -> - | T58: =IF($R58="","",IF($R58="-","-",$P58*$R58)) -> 1920.15 | U58: 46009 | V58: - | X58: FOB SEA | Y58: INMUD | Z58: NO | AA58: NO Info | AB58: FOB
A59: =IF('FY_25-26'!$D59="","",IF(OR('FY_25-26'!$D59="BOOHOO LADIES",'FY_25-26'!$D59="PLT",'FY_25-26'!$D59="KM"),"BUSINESS UNIT 1 - KIRAN","BUSINESS UNIT 2 - SHIFALI")) -> BUSINESS UNIT 2 - SHIFALI | B59: =IF('FY_25-26'!$C59<>"",ROW()-ROW($B$2),"") -> 57 | C59: CREST DESIGN | D59: DP | E59: - | F59: LADIES | G59: SOFT WOVEN | H59: BQQ22959 | I59: NEW | J59: - | K59: 3384697 | L59: UK | M59: HC156 | N59: Zebra Pocket Detail Button Up Utility Blouse | O59: - | P59: 200 | Q59: - | R59: 6.5 | S59: =IF($Q59="","",IF($Q59="-","-",$P59*$Q59)) -> - | T59: =IF($R59="","",IF($R59="-","-",$P59*$R59)) -> 1300 | U59: 46016 | V59: - | X59: FOB SEA | Y59: INMUD | Z59: NO | AA59: NO Info | AB59: FOB
A60: =IF('FY_25-26'!$D60="","",IF(OR('FY_25-26'!$D60="BOOHOO LADIES",'FY_25-26'!$D60="PLT",'FY_25-26'!$D60="KM"),"BUSINESS UNIT 1 - KIRAN","BUSINESS UNIT 2 - SHIFALI")) -> BUSINESS UNIT 2 - SHIFALI | B60: =IF('FY_25-26'!$C60<>"",ROW()-ROW($B$2),"") -> 58 | C60: WINDESON TRADEMART | D60: NASTYGAL | E60: - | F60: LADIES | G60: SOFT WOVEN | H60: BGG28032 | I60: NEW | J60: MONO | K60: 3385000 | L60: UK | M60: AEPGB66E434D7 | N60: (Az) Polka Dot Button Down Extreme Flared Sleeve Mini Dress | O60: 45986 | P60: 99 | Q60: - | R60: 11.6 | S60: =IF($Q60="","",IF($Q60="-","-",$P60*$Q60)) -> - | T60: =IF($R60="","",IF($R60="-","-",$P60*$R60)) -> 1148.4 | U60: 45950 | V60: 46002 | X60: FOB SEA | Y60: INMUD | Z60: NO | AA60: NO Info | AB60: FOB
A61: =IF('FY_25-26'!$D61="","",IF(OR('FY_25-26'!$D61="BOOHOO LADIES",'FY_25-26'!$D61="PLT",'FY_25-26'!$D61="KM"),"BUSINESS UNIT 1 - KIRAN","BUSINESS UNIT 2 - SHIFALI")) -> BUSINESS UNIT 1 - KIRAN | B61: =IF('FY_25-26'!$C61<>"",ROW()-ROW($B$2),"") -> 59 | C61: WINDESON TRADEMART | D61: KM | E61: BOWN CANN | F61: LADIES | G61: SOFT WOVEN | H61: BKK27721 | I61: NEW | J61: RED | K61: 3382413 | L61: UK | M61: JP101C | N61: Plus Size Scarf Mirrored Print Cotton Voile Maxi Beach Dress | O61: 45971 | P61: 50 | Q61: - | R61: 16.04 | S61: =IF($Q61="","",IF($Q61="-","-",$P61*$Q61)) -> - | T61: =IF($R61="","",IF($R61="-","-",$P61*$R61)) -> 802 | U61: 45944 | V61: 45996 | X61: FOB AIR | Y61: INDEL | Z61: NO | AA61: NO Info | AB61: FOB
A62: =IF('FY_25-26'!$D62="","",IF(OR('FY_25-26'!$D62="BOOHOO LADIES",'FY_25-26'!$D62="PLT",'FY_25-26'!$D62="KM"),"BUSINESS UNIT 1 - KIRAN","BUSINESS UNIT 2 - SHIFALI")) -> BUSINESS UNIT 2 - SHIFALI | B62: =IF('FY_25-26'!$C62<>"",ROW()-ROW($B$2),"") -> 60 | C62: WINDESON TRADEMART | D62: NASTYGAL | E62: - | F62: LADIES | G62: SOFT WOVEN | H62: BGG28041 | I62: NEW | J62: - | K62: 3385019 | L62: UK | M62: KD680B5ADD | N62: (Az) Western Embroidered Fringe Shirt | O62: - | P62: 100 | Q62: - | R62: 12.5 | S62: =IF($Q62="","",IF($Q62="-","-",$P62*$Q62)) -> - | T62: =IF($R62="","",IF($R62="-","-",$P62*$R62)) -> 1250 | U62: 45930 | V62: - | X62: FOB AIR | Y62: INDEL | Z62: NO | AA62: NO Info | AB62: FOB
A63: =IF('FY_25-26'!$D63="","",IF(OR('FY_25-26'!$D63="BOOHOO LADIES",'FY_25-26'!$D63="PLT",'FY_25-26'!$D63="KM"),"BUSINESS UNIT 1 - KIRAN","BUSINESS UNIT 2 - SHIFALI")) -> BUSINESS UNIT 2 - SHIFALI | B63: =IF('FY_25-26'!$C63<>"",ROW()-ROW($B$2),"") -> 61 | C63: WINDESON TRADEMART | D63: WAREHOUSE | E63: LAUREN HODGSON | F63: LADIES | G63: SOFT WOVEN | H63: BWW09422 | I63: NEW | J63: MULTI | K63: 3392897 | L63: UK | M63: BWW03546 | N63: Long SleeveMetallicJaquard CutOut MaxiDress multi | O63: 45941 | P63: 100 | Q63: - | R63: 20.5 | S63: =IF($Q63="","",IF($Q63="-","-",$P63*$Q63)) -> - | T63: =IF($R63="","",IF($R63="-","-",$P63*$R63)) -> 2050 | U63: 46055 | V63: - | X63: FOB SEA | Y63: INMUD | Z63: NO | AA63: NO Info | AB63: FOB
A64: =IF('FY_25-26'!$D64="","",IF(OR('FY_25-26'!$D64="BOOHOO LADIES",'FY_25-26'!$D64="PLT",'FY_25-26'!$D64="KM"),"BUSINESS UNIT 1 - KIRAN","BUSINESS UNIT 2 - SHIFALI")) -> BUSINESS UNIT 2 - SHIFALI | B64: =IF('FY_25-26'!$C64<>"",ROW()-ROW($B$2),"") -> 62 | C64: WINDESON TRADEMART | D64: WAREHOUSE | E64: LAUREN HODGSON | F64: LADIES | G64: SOFT WOVEN | H64: BWW09421 | I64: NEW | J64: BLACK | K64: 3392829 | L64: UK | M64: BWW03905 | N64: MetallicJacquardPuff SleeveBlouseblack | O64: 45941 | P64: 100 | Q64: - | R64: 10.45 | S64: =IF($Q64="","",IF($Q64="-","-",$P64*$Q64)) -> - | T64: =IF($R64="","",IF($R64="-","-",$P64*$R64)) -> 1045 | U64: 46055 | V64: - | X64: FOB SEA | Y64: INMUD | Z64: NO | AA64: NO Info | AB64: FOB
A65: =IF('FY_25-26'!$D65="","",IF(OR('FY_25-26'!$D65="BOOHOO LADIES",'FY_25-26'!$D65="PLT",'FY_25-26'!$D65="KM"),"BUSINESS UNIT 1 - KIRAN","BUSINESS UNIT 2 - SHIFALI")) -> BUSINESS UNIT 2 - SHIFALI | B65: =IF('FY_25-26'!$C65<>"",ROW()-ROW($B$2),"") -> 63 | C65: WINDESON TRADEMART | D65: WAREHOUSE | E65: LAUREN HODGSON | F65: LADIES | G65: SOFT WOVEN | H65: BWW09420 | I65: NEW | J65: MULTI | K65: 3392812 | L65: UK | M65: BWW03548 | N65: MetallicFloralJacquardRuffleSleeve MaxiDress multi | O65: 45941 | P65: 100 | Q65: - | R65: 16.8 | S65: =IF($Q65="","",IF($Q65="-","-",$P65*$Q65)) -> - | T65: =IF($R65="","",IF($R65="-","-",$P65*$R65)) -> 1680 | U65: 46055 | V65: - | X65: FOB SEA | Y65: INMUD | Z65: NO | AA65: NO Info | AB65: FOB
A66: =IF('FY_25-26'!$D66="","",IF(OR('FY_25-26'!$D66="BOOHOO LADIES",'FY_25-26'!$D66="PLT",'FY_25-26'!$D66="KM"),"BUSINESS UNIT 1 - KIRAN","BUSINESS UNIT 2 - SHIFALI")) -> BUSINESS UNIT 2 - SHIFALI | B66: =IF('FY_25-26'!$C66<>"",ROW()-ROW($B$2),"") -> 64 | C66: ITF | D66: DP | E66: ZOE KIRBY | F66: LADIES | G66: SOFT WOVEN | H66: BQQ20988 | I66: NEW | J66: BABY BLUE | K66: 3389729 | L66: UK | M66: TR67698CED | N66: RuffleSleeve TieBack MiniDress babyblue | O66: 45944 | P66: 300 | Q66: 10.4 | R66: - | S66: =IF($Q66="","",IF($Q66="-","-",$P66*$Q66)) -> 3120 | T66: =IF($R66="","",IF($R66="-","-",$P66*$R66)) -> - | U66: 46027 | V66: - | X66: FOB SEA | Y66: INMUD | Z66: NO | AA66: NO Info | AB66: FOB
A67: =IF('FY_25-26'!$D67="","",IF(OR('FY_25-26'!$D67="BOOHOO LADIES",'FY_25-26'!$D67="PLT",'FY_25-26'!$D67="KM"),"BUSINESS UNIT 1 - KIRAN","BUSINESS UNIT 2 - SHIFALI")) -> BUSINESS UNIT 2 - SHIFALI | B67: =IF('FY_25-26'!$C67<>"",ROW()-ROW($B$2),"") -> 65 | C67: ITF | D67: DP | E67: SASKIA VERDERBER | F67: LADIES | G67: SOFT WOVEN | H67: BQQ23122 | I67: NEW | J67: PINK | K67: 3391416 | L67: UK | M67: SV68E5256E | N67: Curve LaceTrim ButtonDetail AngelSleevePrinted MidiDress pink | O67: 45944 | P67: 200 | Q67: 10.75 | R67: - | S67: =IF($Q67="","",IF($Q67="-","-",$P67*$Q67)) -> 2150 | T67: =IF($R67="","",IF($R67="-","-",$P67*$R67)) -> - | U67: 46046 | V67: - | X67: FOB SEA | Y67: INMUD | Z67: NO | AA67: NO Info | AB67: FOB
A68: =IF('FY_25-26'!$D68="","",IF(OR('FY_25-26'!$D68="BOOHOO LADIES",'FY_25-26'!$D68="PLT",'FY_25-26'!$D68="KM"),"BUSINESS UNIT 1 - KIRAN","BUSINESS UNIT 2 - SHIFALI")) -> BUSINESS UNIT 2 - SHIFALI | B68: =IF('FY_25-26'!$C68<>"",ROW()-ROW($B$2),"") -> 66 | C68: ITF | D68: DP | E68: SASKIA VERDERBER | F68: LADIES | G68: SOFT WOVEN | H68: BQQ23103 | I68: NEW | J68: PINK | K68: 3391392 | L68: UK | M68: SV68E501D0 | N68: Pink BeltedStripe ShirtMidi Dresspink | O68: 45944 | P68: 200 | Q68: 13.5 | R68: - | S68: =IF($Q68="","",IF($Q68="-","-",$P68*$Q68)) -> 2700 | T68: =IF($R68="","",IF($R68="-","-",$P68*$R68)) -> - | U68: 46046 | V68: - | X68: FOB SEA | Y68: INMUD | Z68: NO | AA68: NO Info | AB68: FOB
A69: =IF('FY_25-26'!$D69="","",IF(OR('FY_25-26'!$D69="BOOHOO LADIES",'FY_25-26'!$D69="PLT",'FY_25-26'!$D69="KM"),"BUSINESS UNIT 1 - KIRAN","BUSINESS UNIT 2 - SHIFALI")) -> BUSINESS UNIT 2 - SHIFALI | B69: =IF('FY_25-26'!$C69<>"",ROW()-ROW($B$2),"") -> 67 | C69: ITF | D69: DP | E69: SASKIA VERDERBER | F69: LADIES | G69: SOFT WOVEN | H69: BQQ23104 | I69: NEW | J69: FLORAL | K69: 3391393 | L69: UK | M69: SV68E51A40 | N69: Blue FloralLace TrimButtonDetail AngelSleevePrinted MidiDress floral | O69: 45944 | P69: 200 | Q69: 10.75 | R69: - | S69: =IF($Q69="","",IF($Q69="-","-",$P69*$Q69)) -> 2150 | T69: =IF($R69="","",IF($R69="-","-",$P69*$R69)) -> - | U69: 46046 | V69: - | X69: FOB SEA | Y69: INMUD | Z69: NO | AA69: NO Info | AB69: FOB
A70: =IF('FY_25-26'!$D70="","",IF(OR('FY_25-26'!$D70="BOOHOO LADIES",'FY_25-26'!$D70="PLT",'FY_25-26'!$D70="KM"),"BUSINESS UNIT 1 - KIRAN","BUSINESS UNIT 2 - SHIFALI")) -> BUSINESS UNIT 2 - SHIFALI | B70: =IF('FY_25-26'!$C70<>"",ROW()-ROW($B$2),"") -> 68 | C70: ITF | D70: DP | E70: SASKIA VERDERBER | F70: LADIES | G70: SOFT WOVEN | H70: BQQ23106 | I70: NEW | J70: BLACK | K70: 3391396 | L70: UK | M70: SV68E51B80 | N70: Black FloralLace TrimPleat BodicePuff SleeveMidi Dressblack | O70: 45944 | P70: 200 | Q70: 11 | R70: - | S70: =IF($Q70="","",IF($Q70="-","-",$P70*$Q70)) -> 2200 | T70: =IF($R70="","",IF($R70="-","-",$P70*$R70)) -> - | U70: 46046 | V70: - | X70: FOB SEA | Y70: INMUD | Z70: NO | AA70: NO Info | AB70: FOB
A71: =IF('FY_25-26'!$D71="","",IF(OR('FY_25-26'!$D71="BOOHOO LADIES",'FY_25-26'!$D71="PLT",'FY_25-26'!$D71="KM"),"BUSINESS UNIT 1 - KIRAN","BUSINESS UNIT 2 - SHIFALI")) -> BUSINESS UNIT 2 - SHIFALI | B71: =IF('FY_25-26'!$C71<>"",ROW()-ROW($B$2),"") -> 69 | C71: ITF | D71: DP | E71: SASKIA VERDERBER | F71: LADIES | G71: SOFT WOVEN | H71: BQQ23107 | I71: NEW | J71: BLUE | K71: 3391397 | L71: UK | M71: SV68E51C7E | N71: Blue PaisleyLace Trim VNeckPrintedPoplin MidiDress blue | O71: 45944 | P71: 300 | Q71: 12.5 | R71: - | S71: =IF($Q71="","",IF($Q71="-","-",$P71*$Q71)) -> 3750 | T71: =IF($R71="","",IF($R71="-","-",$P71*$R71)) -> - | U71: 46046 | V71: - | X71: FOB SEA | Y71: INMUD | Z71: NO | AA71: NO Info | AB71: FOB
A72: =IF('FY_25-26'!$D72="","",IF(OR('FY_25-26'!$D72="BOOHOO LADIES",'FY_25-26'!$D72="PLT",'FY_25-26'!$D72="KM"),"BUSINESS UNIT 1 - KIRAN","BUSINESS UNIT 2 - SHIFALI")) -> BUSINESS UNIT 2 - SHIFALI | B72: =IF('FY_25-26'!$C72<>"",ROW()-ROW($B$2),"") -> 70 | C72: WINDESON TRADEMART | D72: COAST | E72: EMMA HAMILTION | F72: LADIES | G72: SOFT WOVEN | H72: BCC12844 | I72: NEW | J72: LEMON | K72: 3394013 | L72: UK | M72: BCC06125REFIT | N72: AngelSleeveTieredBridesmaidMaxi Dresslemon | O72: 45945 | P72: 151 | Q72: - | R72: 11 | S72: =IF($Q72="","",IF($Q72="-","-",$P72*$Q72)) -> - | T72: =IF($R72="","",IF($R72="-","-",$P72*$R72)) -> 1661 | U72: 46042 | V72: - | X72: FOB AIR | Y72: INDEL | Z72: NO | AA72: NO Info | AB72: FOB
A73: =IF('FY_25-26'!$D73="","",IF(OR('FY_25-26'!$D73="BOOHOO LADIES",'FY_25-26'!$D73="PLT",'FY_25-26'!$D73="KM"),"BUSINESS UNIT 1 - KIRAN","BUSINESS UNIT 2 - SHIFALI")) -> BUSINESS UNIT 2 - SHIFALI | B73: =IF('FY_25-26'!$C73<>"",ROW()-ROW($B$2),"") -> 71 | C73: WINDESON TRADEMART | D73: COAST | E73: EMMA HAMILTION | F73: LADIES | G73: SOFT WOVEN | H73: BCC12844 | I73: NEW | J73: DUSTY BLUE | K73: 3394013 | L73: UK | M73: BCC06125REFIT | N73: AngelSleeveTieredBridesmaidMaxi Dresslemon | O73: 45945 | P73: 151 | Q73: - | R73: 11 | S73: =IF($Q73="","",IF($Q73="-","-",$P73*$Q73)) -> - | T73: =IF($R73="","",IF($R73="-","-",$P73*$R73)) -> 1661 | U73: 46042 | V73: - | X73: FOB AIR | Y73: INDEL | Z73: NO | AA73: NO Info | AB73: FOB
A74: =IF('FY_25-26'!$D74="","",IF(OR('FY_25-26'!$D74="BOOHOO LADIES",'FY_25-26'!$D74="PLT",'FY_25-26'!$D74="KM"),"BUSINESS UNIT 1 - KIRAN","BUSINESS UNIT 2 - SHIFALI")) -> BUSINESS UNIT 2 - SHIFALI | B74: =IF('FY_25-26'!$C74<>"",ROW()-ROW($B$2),"") -> 72 | C74: WINDESON TRADEMART | D74: COAST | E74: EMMA HAMILTION | F74: LADIES | G74: SOFT WOVEN | H74: BCC12844 | I74: NEW | J74: SAGE | K74: 3394013 | L74: UK | M74: BCC06125REFIT | N74: AngelSleeveTieredBridesmaidMaxi Dresslemon | O74: 45945 | P74: 151 | Q74: - | R74: 11 | S74: =IF($Q74="","",IF($Q74="-","-",$P74*$Q74)) -> - | T74: =IF($R74="","",IF($R74="-","-",$P74*$R74)) -> 1661 | U74: 46042 | V74: - | X74: FOB AIR | Y74: INDEL | Z74: NO | AA74: NO Info | AB74: FOB
A75: =IF('FY_25-26'!$D75="","",IF(OR('FY_25-26'!$D75="BOOHOO LADIES",'FY_25-26'!$D75="PLT",'FY_25-26'!$D75="KM"),"BUSINESS UNIT 1 - KIRAN","BUSINESS UNIT 2 - SHIFALI")) -> BUSINESS UNIT 2 - SHIFALI | B75: =IF('FY_25-26'!$C75<>"",ROW()-ROW($B$2),"") -> 73 | C75: MIR | D75: COAST | E75: MADDY CHILDS | F75: LADIES | G75: SOFT WOVEN | H75: BCC12855 | I75: NEW | J75: NAVY | K75: 3394465 | L75: UK | M75: OB2182 | N75: EmbroideredFloralBlousonBodicePencil MidiDress navy | O75: 45947 | P75: 100 | Q75: - | R75: 33.5 | S75: =IF($Q75="","",IF($Q75="-","-",$P75*$Q75)) -> - | T75: =IF($R75="","",IF($R75="-","-",$P75*$R75)) -> 3350 | U75: 46031 | V75: - | X75: FOB SEA | Y75: INMUD | Z75: NO | AA75: NO Info | AB75: FOB
A76: =IF('FY_25-26'!$D76="","",IF(OR('FY_25-26'!$D76="BOOHOO LADIES",'FY_25-26'!$D76="PLT",'FY_25-26'!$D76="KM"),"BUSINESS UNIT 1 - KIRAN","BUSINESS UNIT 2 - SHIFALI")) -> BUSINESS UNIT 1 - KIRAN | B76: =IF('FY_25-26'!$C76<>"",ROW()-ROW($B$2),"") -> 74 | C76: NAMDEV | D76: BOOHOO LADIES | E76: HOLLY CLAPHAM | F76: LADIES | G76: SOFT WOVEN | H76: HZZ44840 | I76: NEW | J76: CHOCOLATE | K76: 3395433 | L76: UK | M76: NAMMJ68E7D49C | N76: Plus PoplinTie WaistMidaxi Skirtchocolate | O76: 45947 | P76: 300 | Q76: - | R76: 5.5 | S76: =IF($Q76="","",IF($Q76="-","-",$P76*$Q76)) -> - | T76: =IF($R76="","",IF($R76="-","-",$P76*$R76)) -> 1650 | U76: 46072 | V76: - | X76: FOB AIR | Y76: INDEL | Z76: NO | AA76: NO Info | AB76: FOB
A77: =IF('FY_25-26'!$D77="","",IF(OR('FY_25-26'!$D77="BOOHOO LADIES",'FY_25-26'!$D77="PLT",'FY_25-26'!$D77="KM"),"BUSINESS UNIT 1 - KIRAN","BUSINESS UNIT 2 - SHIFALI")) -> BUSINESS UNIT 1 - KIRAN | B77: =IF('FY_25-26'!$C77<>"",ROW()-ROW($B$2),"") -> 75 | C77: NAMDEV | D77: BOOHOO LADIES | E77: HOLLY CLAPHAM | F77: LADIES | G77: SOFT WOVEN | H77: HZZ44915 | I77: NEW | J77: BLACK | K77: 3395508 | L77: UK | M77: DWJ-SS2602-BLACK | N77: ShirredDetail MaxiSmock Dressblack | O77: 45947 | P77: 350 | Q77: - | R77: 5.1 | S77: =IF($Q77="","",IF($Q77="-","-",$P77*$Q77)) -> - | T77: =IF($R77="","",IF($R77="-","-",$P77*$R77)) -> 1785 | U77: 46111 | V77: - | X77: FOB AIR | Y77: INDEL | Z77: NO | AA77: NO Info | AB77: FOB
A78: =IF('FY_25-26'!$D78="","",IF(OR('FY_25-26'!$D78="BOOHOO LADIES",'FY_25-26'!$D78="PLT",'FY_25-26'!$D78="KM"),"BUSINESS UNIT 1 - KIRAN","BUSINESS UNIT 2 - SHIFALI")) -> BUSINESS UNIT 1 - KIRAN | B78: =IF('FY_25-26'!$C78<>"",ROW()-ROW($B$2),"") -> 76 | C78: NAMDEV | D78: BOOHOO LADIES | E78: HOLLY CLAPHAM | F78: LADIES | G78: SOFT WOVEN | H78: HZZ44863 | I78: NEW | J78: BLACK | K78: 3395457 | L78: UK | M78: DWJ-SS2631-BLACK | N78: CottonPoplinShirredBodice PuffSleeve MaxiDress black | O78: 45947 | P78: 301 | Q78: - | R78: 6 | S78: =IF($Q78="","",IF($Q78="-","-",$P78*$Q78)) -> - | T78: =IF($R78="","",IF($R78="-","-",$P78*$R78)) -> 1806 | U78: 46125 | V78: - | X78: FOB AIR | Y78: INDEL | Z78: NO | AA78: NO Info | AB78: FOB
A79: =IF('FY_25-26'!$D79="","",IF(OR('FY_25-26'!$D79="BOOHOO LADIES",'FY_25-26'!$D79="PLT",'FY_25-26'!$D79="KM"),"BUSINESS UNIT 1 - KIRAN","BUSINESS UNIT 2 - SHIFALI")) -> BUSINESS UNIT 1 - KIRAN | B79: =IF('FY_25-26'!$C79<>"",ROW()-ROW($B$2),"") -> 77 | C79: NAMDEV | D79: BOOHOO LADIES | E79: HOLLY CLAPHAM | F79: LADIES | G79: SOFT WOVEN | H79: HZZ44854 | I79: NEW | J79: BLACK | K79: 3395447 | L79: UK | M79: NAMMJ68E79AE9 | N79: Plus PoplinSkaterDress black | O79: 45947 | P79: 201 | Q79: - | R79: 6.6 | S79: =IF($Q79="","",IF($Q79="-","-",$P79*$Q79)) -> - | T79: =IF($R79="","",IF($R79="-","-",$P79*$R79)) -> 1326.6 | U79: 46072 | V79: - | X79: FOB AIR | Y79: INDEL | Z79: NO | AA79: NO Info | AB79: FOB
A80: =IF('FY_25-26'!$D80="","",IF(OR('FY_25-26'!$D80="BOOHOO LADIES",'FY_25-26'!$D80="PLT",'FY_25-26'!$D80="KM"),"BUSINESS UNIT 1 - KIRAN","BUSINESS UNIT 2 - SHIFALI")) -> BUSINESS UNIT 1 - KIRAN | B80: =IF('FY_25-26'!$C80<>"",ROW()-ROW($B$2),"") -> 78 | C80: NAMDEV | D80: BOOHOO LADIES | E80: HOLLY CLAPHAM | F80: LADIES | G80: SOFT WOVEN | H80: HZZ44898 | I80: NEW | J80: BLACK | K80: 3395491 | L80: UK | M80: DWJ-SS2632-BLACK | N80: CottonPoplinShirredBodice PuffSleeve MiniDress black | O80: 45947 | P80: 301 | Q80: - | R80: 4.7 | S80: =IF($Q80="","",IF($Q80="-","-",$P80*$Q80)) -> - | T80: =IF($R80="","",IF($R80="-","-",$P80*$R80)) -> 1414.7 | U80: 46125 | V80: - | X80: FOB AIR | Y80: INDEL | Z80: NO | AA80: NO Info | AB80: FOB
A81: =IF('FY_25-26'!$D81="","",IF(OR('FY_25-26'!$D81="BOOHOO LADIES",'FY_25-26'!$D81="PLT",'FY_25-26'!$D81="KM"),"BUSINESS UNIT 1 - KIRAN","BUSINESS UNIT 2 - SHIFALI")) -> BUSINESS UNIT 1 - KIRAN | B81: =IF('FY_25-26'!$C81<>"",ROW()-ROW($B$2),"") -> 79 | C81: NAMDEV | D81: BOOHOO LADIES | E81: HOLLY CLAPHAM | F81: LADIES | G81: SOFT WOVEN | H81: HZZ44845 | I81: NEW | J81: WHITE | K81: 3395437 | L81: UK | M81: DWJ-SS2635-WHITE | N81: CottonPoplinShirredBodice VNeck PuffSleeve MiniDress white | O81: 45947 | P81: 301 | Q81: - | R81: 4.8 | S81: =IF($Q81="","",IF($Q81="-","-",$P81*$Q81)) -> - | T81: =IF($R81="","",IF($R81="-","-",$P81*$R81)) -> 1444.8 | U81: 46125 | V81: - | X81: FOB AIR | Y81: INDEL | Z81: NO | AA81: NO Info | AB81: FOB
A82: =IF('FY_25-26'!$D82="","",IF(OR('FY_25-26'!$D82="BOOHOO LADIES",'FY_25-26'!$D82="PLT",'FY_25-26'!$D82="KM"),"BUSINESS UNIT 1 - KIRAN","BUSINESS UNIT 2 - SHIFALI")) -> BUSINESS UNIT 1 - KIRAN | B82: =IF('FY_25-26'!$C82<>"",ROW()-ROW($B$2),"") -> 80 | C82: NAMDEV | D82: BOOHOO LADIES | E82: HOLLY CLAPHAM | F82: LADIES | G82: SOFT WOVEN | H82: HZZ44893 | I82: NEW | J82: WHITE | K82: 3395485 | L82: UK | M82: DWJ-SS2603-WHITE | N82: Tie ShoulderMini SmockDress white | O82: 45947 | P82: 301 | Q82: - | R82: 4.1 | S82: =IF($Q82="","",IF($Q82="-","-",$P82*$Q82)) -> - | T82: =IF($R82="","",IF($R82="-","-",$P82*$R82)) -> 1234.1 | U82: 46111 | V82: - | X82: FOB AIR | Y82: INDEL | Z82: NO | AA82: NO Info | AB82: FOB
A83: =IF('FY_25-26'!$D83="","",IF(OR('FY_25-26'!$D83="BOOHOO LADIES",'FY_25-26'!$D83="PLT",'FY_25-26'!$D83="KM"),"BUSINESS UNIT 1 - KIRAN","BUSINESS UNIT 2 - SHIFALI")) -> BUSINESS UNIT 1 - KIRAN | B83: =IF('FY_25-26'!$C83<>"",ROW()-ROW($B$2),"") -> 81 | C83: NAMDEV | D83: BOOHOO LADIES | E83: HOLLY CLAPHAM | F83: LADIES | G83: SOFT WOVEN | H83: HZZ44901 | I83: NEW | J83: BLACK | K83: 3395493 | L83: UK | M83: DWJ-SS2617-BLACK | N83: CottonPoplin HalterNeck PleatedMini Dressblack | O83: 45947 | P83: 301 | Q83: - | R83: 4.6 | S83: =IF($Q83="","",IF($Q83="-","-",$P83*$Q83)) -> - | T83: =IF($R83="","",IF($R83="-","-",$P83*$R83)) -> 1384.6 | U83: 46069 | V83: - | X83: FOB AIR | Y83: INDEL | Z83: NO | AA83: NO Info | AB83: FOB
... A105: =IF('FY_25-26'!$D105="","",IF(OR('FY_25-26'!$D105="BOOHOO LADIES",'FY_25-26'!$D105="PLT",'FY_25-26'!$D105="KM"),"BUSINESS UNIT 1 - KIRAN","BUSINESS UNIT 2 - SHIFALI")) -> BUSINESS UNIT 2 - SHIFALI | B105: =IF('FY_25-26'!$C105<>"",ROW()-ROW($B$2),"") -> 103 | C105: KHURANA EXPORTS | D105: DP | E105: AVA SMITH | F105: LADIES | G105: SOFT WOVEN | H105: BQQ23282 | I105: NEW | J105: TAN | K105: 3402642 | L105: UK | M105: DPK-FIDELIALEATHSANDAL | N105: FIDELIA LEATHER FLAT SANDALS | O105: 45967 | P105: 100 | Q105: - | R105: 5.65 | S105: =IF($Q105="","",IF($Q105="-","-",$P105*$Q105)) -> - | T105: =IF($R105="","",IF($R105="-","-",$P105*$R105)) -> 565 | U105: 46037 | V105: - | X105: FOB SEA | Y105: INMUD | Z105: NO | AA105: NO Info | AB105: FOB
A106: =IF('FY_25-26'!$D106="","",IF(OR('FY_25-26'!$D106="BOOHOO LADIES",'FY_25-26'!$D106="PLT",'FY_25-26'!$D106="KM"),"BUSINESS UNIT 1 - KIRAN","BUSINESS UNIT 2 - SHIFALI")) -> BUSINESS UNIT 2 - SHIFALI | B106: =IF('FY_25-26'!$C106<>"",ROW()-ROW($B$2),"") -> 104 | C106: BLACK LABEL | D106: BOOHOO MAN | E106: HENRY HART | F106: MENS | G106: SOFT WOVEN | H106: CMM23723 | I106: NEW | J106: OLIVE | K106: 3407820 | L106: UK | M106: FZY-NEWPLEATSSSHIRTNTRS | N106: Regular Fit Irregular Pleat Texture Short Sleeve Shirt and Relaxed Trouser Set | O106: 45980 | P106: 300 | Q106: - | R106: 9.04 | S106: =IF($Q106="","",IF($Q106="-","-",$P106*$Q106)) -> - | T106: =IF($R106="","",IF($R106="-","-",$P106*$R106)) -> 2712 | U106: 46041 | V106: 46069 | X106: FOB AIR | Y106: INDEL | Z106: NO | AA106: NO Info | AB106: FOB
A107: =IF('FY_25-26'!$D107="","",IF(OR('FY_25-26'!$D107="BOOHOO LADIES",'FY_25-26'!$D107="PLT",'FY_25-26'!$D107="KM"),"BUSINESS UNIT 1 - KIRAN","BUSINESS UNIT 2 - SHIFALI")) -> BUSINESS UNIT 2 - SHIFALI | B107: =IF('FY_25-26'!$C107<>"",ROW()-ROW($B$2),"") -> 105 | C107: BLACK LABEL | D107: BOOHOO MAN | E107: HENRY HART | F107: MENS | G107: SOFT WOVEN | H107: CMM23723 | I107: NEW | J107: WHITE | K107: 3407823 | L107: UK | M107: FZY-NEWPLEATSSSHIRTNTRS | N107: Regular Fit Irregular Pleat Texture Short Sleeve Shirt and Relaxed Trouser Set | O107: 45980 | P107: 300 | Q107: - | R107: 9.04 | S107: =IF($Q107="","",IF($Q107="-","-",$P107*$Q107)) -> - | T107: =IF($R107="","",IF($R107="-","-",$P107*$R107)) -> 2712 | U107: 46041 | V107: 46069 | X107: FOB AIR | Y107: INDEL | Z107: NO | AA107: NO Info | AB107: FOB
A108: =IF('FY_25-26'!$D108="","",IF(OR('FY_25-26'!$D108="BOOHOO LADIES",'FY_25-26'!$D108="PLT",'FY_25-26'!$D108="KM"),"BUSINESS UNIT 1 - KIRAN","BUSINESS UNIT 2 - SHIFALI")) -> BUSINESS UNIT 2 - SHIFALI | B108: =IF('FY_25-26'!$C108<>"",ROW()-ROW($B$2),"") -> 106 | C108: BLACK LABEL | D108: BOOHOO MAN | E108: HENRY HART | F108: MENS | G108: SOFT WOVEN | H108: CMM23725 | I108: NEW | J108: LIGHT BLUE | K108: 3407818 | L108: UK | M108: FZY-NEWPLEATOVRSZSHORTSET | N108: Oversized Short Sleeve Irregular Pleat Shorts Set | O108: 45980 | P108: 452 | Q108: - | R108: 8.08 | S108: =IF($Q108="","",IF($Q108="-","-",$P108*$Q108)) -> - | T108: =IF($R108="","",IF($R108="-","-",$P108*$R108)) -> 3652.16 | U108: 46041 | V108: - | X108: FOB SEA | Y108: INMUD | Z108: NO | AA108: NO Info | AB108: FOB
A109: =IF('FY_25-26'!$D109="","",IF(OR('FY_25-26'!$D109="BOOHOO LADIES",'FY_25-26'!$D109="PLT",'FY_25-26'!$D109="KM"),"BUSINESS UNIT 1 - KIRAN","BUSINESS UNIT 2 - SHIFALI")) -> BUSINESS UNIT 2 - SHIFALI | B109: =IF('FY_25-26'!$C109<>"",ROW()-ROW($B$2),"") -> 107 | C109: BLACK LABEL | D109: BOOHOO MAN | E109: HENRY HART | F109: MENS | G109: SOFT WOVEN | H109: CMM23725 | I109: NEW | J109: BURNT ORANGE | K109: 3407827 | L109: UK | M109: FZY-NEWPLEATOVRSZSHORTSET | N109: OVERSIZED SHORT SLEEVE IRREGULAR PLEAT SHORTS SET | O109: 45980 | P109: 200 | Q109: - | R109: 7.74 | S109: =IF($Q109="","",IF($Q109="-","-",$P109*$Q109)) -> - | T109: =IF($R109="","",IF($R109="-","-",$P109*$R109)) -> 1548 | U109: 46041 | V109: - | X109: FOB SEA | Y109: INMUD | Z109: NO | AA109: NO Info | AB109: FOB
A110: =IF('FY_25-26'!$D110="","",IF(OR('FY_25-26'!$D110="BOOHOO LADIES",'FY_25-26'!$D110="PLT",'FY_25-26'!$D110="KM"),"BUSINESS UNIT 1 - KIRAN","BUSINESS UNIT 2 - SHIFALI")) -> BUSINESS UNIT 1 - KIRAN | B110: =IF('FY_25-26'!$C110<>"",ROW()-ROW($B$2),"") -> 108 | C110: JJ Fabtex | D110: PLT | E110: GEORGIA ARNOLD | F110: LADIES | G110: SOFT WOVEN | H110: CNP5377 | I110: NEW | J110: BABY BLUE | K110: 70023289 | L110: UK | M110: PETITE-005 | N110: CONTRAST SLEEPOVER CLUB BUTTON UP PYJAMAS | O110: 45980 | P110: 300 | Q110: - | R110: 7.8 | S110: =IF($Q110="","",IF($Q110="-","-",$P110*$Q110)) -> - | T110: =IF($R110="","",IF($R110="-","-",$P110*$R110)) -> 2340 | U110: 46044 | V110: 46051 | X110: FOB AIR | Y110: INDEL | Z110: NO | AA110: NO Info | AB110: FOB
A111: =IF('FY_25-26'!$D111="","",IF(OR('FY_25-26'!$D111="BOOHOO LADIES",'FY_25-26'!$D111="PLT",'FY_25-26'!$D111="KM"),"BUSINESS UNIT 1 - KIRAN","BUSINESS UNIT 2 - SHIFALI")) -> BUSINESS UNIT 1 - KIRAN | B111: =IF('FY_25-26'!$C111<>"",ROW()-ROW($B$2),"") -> 109 | C111: JJ Fabtex | D111: PLT | E111: GEORGIA ARNOLD | F111: LADIES | G111: SOFT WOVEN | H111: CNP5378 | I111: NEW | J111: BABY PINK | K111: 70023290 | L111: UK | M111: PETITE-005 | N111: CONTRAST BREAKFAST CLUB BUTTON UP PYJAMAS | O111: 45980 | P111: 300 | Q111: - | R111: 7.8 | S111: =IF($Q111="","",IF($Q111="-","-",$P111*$Q111)) -> - | T111: =IF($R111="","",IF($R111="-","-",$P111*$R111)) -> 2340 | U111: 46044 | V111: 46051 | X111: FOB AIR | Y111: INDEL | Z111: NO | AA111: NO Info | AB111: FOB
A112: =IF('FY_25-26'!$D112="","",IF(OR('FY_25-26'!$D112="BOOHOO LADIES",'FY_25-26'!$D112="PLT",'FY_25-26'!$D112="KM"),"BUSINESS UNIT 1 - KIRAN","BUSINESS UNIT 2 - SHIFALI")) -> BUSINESS UNIT 2 - SHIFALI | B112: =IF('FY_25-26'!$C112<>"",ROW()-ROW($B$2),"") -> 110 | C112: BLACK LABEL | D112: BOOHOO MAN | E112: LUCY MURRAY | F112: MENS | G112: SOFT WOVEN | H112: CMM24476 | I112: NEW | J112: BLUE | K112: 3407531 | L112: UK | M112: FZY-LM6914C298 | N112: OVERSIZED BOXY HAMPTONS PRINTED LONG SLEEVE STRIPE SHIRT | O112: 45981 | P112: 248 | Q112: - | R112: 5.6 | S112: =IF($Q112="","",IF($Q112="-","-",$P112*$Q112)) -> - | T112: =IF($R112="","",IF($R112="-","-",$P112*$R112)) -> 1388.8 | U112: 46055 | V112: - | X112: FOB AIR | Y112: INDEL | Z112: NO | AA112: NO Info | AB112: FOB
A113: =IF('FY_25-26'!$D113="","",IF(OR('FY_25-26'!$D113="BOOHOO LADIES",'FY_25-26'!$D113="PLT",'FY_25-26'!$D113="KM"),"BUSINESS UNIT 1 - KIRAN","BUSINESS UNIT 2 - SHIFALI")) -> BUSINESS UNIT 2 - SHIFALI | B113: =IF('FY_25-26'!$C113<>"",ROW()-ROW($B$2),"") -> 111 | C113: BLACK LABEL | D113: BOOHOO MAN | E113: LUCY MURRAY | F113: MENS | G113: SOFT WOVEN | H113: CMM24476 | I113: NEW | J113: WHITE | K113: 3407531 | L113: UK | M113: FZY-LM6914C298 | N113: OVERSIZED BOXY HAMPTONS PRINTED LONG SLEEVE STRIPE SHIRT | O113: 45981 | P113: 247 | Q113: - | R113: 5.6 | S113: =IF($Q113="","",IF($Q113="-","-",$P113*$Q113)) -> - | T113: =IF($R113="","",IF($R113="-","-",$P113*$R113)) -> 1383.2 | U113: 46055 | V113: - | X113: FOB AIR | Y113: INDEL | Z113: NO | AA113: NO Info | AB113: FOB
A114: =IF('FY_25-26'!$D114="","",IF(OR('FY_25-26'!$D114="BOOHOO LADIES",'FY_25-26'!$D114="PLT",'FY_25-26'!$D114="KM"),"BUSINESS UNIT 1 - KIRAN","BUSINESS UNIT 2 - SHIFALI")) -> BUSINESS UNIT 2 - SHIFALI | B114: =IF('FY_25-26'!$C114<>"",ROW()-ROW($B$2),"") -> 112 | C114: BLACK LABEL | D114: BOOHOO MAN | E114: LUCY MURRAY | F114: MENS | G114: SOFT WOVEN | H114: CMM24477 | I114: NEW | J114: BLUE | K114: 3407532 | L114: UK | M114: FZY-LM69145F70 | N114: OVERSIZED BOXY PRINTED LONG SLEEVE STRIPE SHIRT | O114: 45981 | P114: 248 | Q114: - | R114: 5.7 | S114: =IF($Q114="","",IF($Q114="-","-",$P114*$Q114)) -> - | T114: =IF($R114="","",IF($R114="-","-",$P114*$R114)) -> 1413.6 | U114: 46055 | V114: - | X114: FOB AIR | Y114: INDEL | Z114: NO | AA114: NO Info | AB114: FOB
A115: =IF('FY_25-26'!$D115="","",IF(OR('FY_25-26'!$D115="BOOHOO LADIES",'FY_25-26'!$D115="PLT",'FY_25-26'!$D115="KM"),"BUSINESS UNIT 1 - KIRAN","BUSINESS UNIT 2 - SHIFALI")) -> BUSINESS UNIT 2 - SHIFALI | B115: =IF('FY_25-26'!$C115<>"",ROW()-ROW($B$2),"") -> 113 | C115: BLACK LABEL | D115: BOOHOO MAN | E115: LUCY MURRAY | F115: MENS | G115: SOFT WOVEN | H115: CMM24477 | I115: NEW | J115: GREEN | K115: 3407532 | L115: UK | M115: FZY-LM69145F70 | N115: OVERSIZED BOXY PRINTED LONG SLEEVE STRIPE SHIRT | O115: 45981 | P115: 247 | Q115: - | R115: 5.7 | S115: =IF($Q115="","",IF($Q115="-","-",$P115*$Q115)) -> - | T115: =IF($R115="","",IF($R115="-","-",$P115*$R115)) -> 1407.9 | U115: 46055 | V115: - | X115: FOB AIR | Y115: INDEL | Z115: NO | AA115: NO Info | AB115: FOB
A116: =IF('FY_25-26'!$D116="","",IF(OR('FY_25-26'!$D116="BOOHOO LADIES",'FY_25-26'!$D116="PLT",'FY_25-26'!$D116="KM"),"BUSINESS UNIT 1 - KIRAN","BUSINESS UNIT 2 - SHIFALI")) -> BUSINESS UNIT 1 - KIRAN | B116: =IF('FY_25-26'!$C116<>"",ROW()-ROW($B$2),"") -> 114 | C116: NAMDEV | D116: PLT | E116: GEORGIA ARNOLD | F116: LADIES | G116: SOFT WOVEN | H116: CNP5111 | I116: NEW | J116: CHOCOLATE | K116: 70022972 | L116: UK | M116: PLT-CO-ORD-14 | N116: TALL PINSTRIPE COTTON PUFFBALL SHORTS | O116: 45981 | P116: 250 | Q116: - | R116: 3.78 | S116: =IF($Q116="","",IF($Q116="-","-",$P116*$Q116)) -> - | T116: =IF($R116="","",IF($R116="-","-",$P116*$R116)) -> 945 | U116: 46069 | V116: - | X116: FOB AIR | Y116: INDEL | Z116: NO | AA116: NO Info | AB116: FOB
A117: =IF('FY_25-26'!$D117="","",IF(OR('FY_25-26'!$D117="BOOHOO LADIES",'FY_25-26'!$D117="PLT",'FY_25-26'!$D117="KM"),"BUSINESS UNIT 1 - KIRAN","BUSINESS UNIT 2 - SHIFALI")) -> BUSINESS UNIT 1 - KIRAN | B117: =IF('FY_25-26'!$C117<>"",ROW()-ROW($B$2),"") -> 115 | C117: NAMDEV | D117: PLT | E117: GEORGIA ARNOLD | F117: LADIES | G117: SOFT WOVEN | H117: CNP5115 | I117: NEW | J117: CHOCOLATE | K117: 70022976 | L117: UK | M117: PLT-CO-ORD-14 | N117: BANDEAU FITTED TOP | O117: 45981 | P117: 250 | Q117: - | R117: 4.1 | S117: =IF($Q117="","",IF($Q117="-","-",$P117*$Q117)) -> - | T117: =IF($R117="","",IF($R117="-","-",$P117*$R117)) -> 1025 | U117: 46069 | V117: - | X117: FOB AIR | Y117: INDEL | Z117: NO | AA117: NO Info | AB117: FOB
A118: =IF('FY_25-26'!$D118="","",IF(OR('FY_25-26'!$D118="BOOHOO LADIES",'FY_25-26'!$D118="PLT",'FY_25-26'!$D118="KM"),"BUSINESS UNIT 1 - KIRAN","BUSINESS UNIT 2 - SHIFALI")) -> BUSINESS UNIT 1 - KIRAN | B118: =IF('FY_25-26'!$C118<>"",ROW()-ROW($B$2),"") -> 116 | C118: NAMDEV | D118: PLT | E118: GEORGIA ARNOLD | F118: LADIES | G118: SOFT WOVEN | H118: CNP5118 | I118: NEW | J118: BLUE | K118: 70022979 | L118: UK | M118: PLT-CO-ORD-003 | N118: RUCHED BUST TOP | O118: 45981 | P118: 249 | Q118: - | R118: 3.94 | S118: =IF($Q118="","",IF($Q118="-","-",$P118*$Q118)) -> - | T118: =IF($R118="","",IF($R118="-","-",$P118*$R118)) -> 981.06 | U118: 46076 | V118: - | X118: FOB AIR | Y118: INDEL | Z118: NO | AA118: NO Info | AB118: FOB
A119: =IF('FY_25-26'!$D119="","",IF(OR('FY_25-26'!$D119="BOOHOO LADIES",'FY_25-26'!$D119="PLT",'FY_25-26'!$D119="KM"),"BUSINESS UNIT 1 - KIRAN","BUSINESS UNIT 2 - SHIFALI")) -> BUSINESS UNIT 1 - KIRAN | B119: =IF('FY_25-26'!$C119<>"",ROW()-ROW($B$2),"") -> 117 | C119: NAMDEV | D119: PLT | E119: GEORGIA ARNOLD | F119: LADIES | G119: SOFT WOVEN | H119: CNP5125 | I119: NEW | J119: BLUE | K119: 70022988 | L119: UK | M119: PLT-CO-ORD-003 | N119: ELASTICATED TROUSERS | O119: 45981 | P119: 249 | Q119: - | R119: 6.19 | S119: =IF($Q119="","",IF($Q119="-","-",$P119*$Q119)) -> - | T119: =IF($R119="","",IF($R119="-","-",$P119*$R119)) -> 1541.31 | U119: 46076 | V119: - | X119: FOB AIR | Y119: INDEL | Z119: NO | AA119: NO Info | AB119: FOB
A120: =IF('FY_25-26'!$D120="","",IF(OR('FY_25-26'!$D120="BOOHOO LADIES",'FY_25-26'!$D120="PLT",'FY_25-26'!$D120="KM"),"BUSINESS UNIT 1 - KIRAN","BUSINESS UNIT 2 - SHIFALI")) -> BUSINESS UNIT 1 - KIRAN | B120: =IF('FY_25-26'!$C120<>"",ROW()-ROW($B$2),"") -> 118 | C120: NAMDEV | D120: PLT | E120: JO CLAYTON | F120: LADIES | G120: SOFT WOVEN | H120: CNP5554 | I120: NEW | J120: WHITE | K120: 70023671 | L120: UK | M120: JC691305CF | N120: PLUS WHITE FLOATY DRAWSTRING SHORTS | O120: 45981 | P120: 199 | Q120: - | R120: 3.65 | S120: =IF($Q120="","",IF($Q120="-","-",$P120*$Q120)) -> - | T120: =IF($R120="","",IF($R120="-","-",$P120*$R120)) -> 726.35 | U120: 46075 | V120: - | X120: FOB AIR | Y120: INDEL | Z120: NO | AA120: NO Info | AB120: FOB
A121: =IF('FY_25-26'!$D121="","",IF(OR('FY_25-26'!$D121="BOOHOO LADIES",'FY_25-26'!$D121="PLT",'FY_25-26'!$D121="KM"),"BUSINESS UNIT 1 - KIRAN","BUSINESS UNIT 2 - SHIFALI")) -> BUSINESS UNIT 1 - KIRAN | B121: =IF('FY_25-26'!$C121<>"",ROW()-ROW($B$2),"") -> 119 | C121: NAMDEV | D121: BOOHOO LADIES | E121: LUCY O SULLIVAN | F121: LADIES | G121: SOFT WOVEN | H121: HZZ23293 | I121: NEW | J121: BLACK | K121: 3408102 | L121: UK | M121: MJCH67498D04 | N121: MATERNITY COTTON POPLIN PUFF SLEEVE MAXI DRESS | O121: 45983 | P121: 245 | Q121: - | R121: 7.19 | S121: =IF($Q121="","",IF($Q121="-","-",$P121*$Q121)) -> - | T121: =IF($R121="","",IF($R121="-","-",$P121*$R121)) -> 1761.55 | U121: 46062 | V121: - | X121: FOB AIR | Y121: INDEL | Z121: NO | AA121: NO Info | AB121: FOB
A122: =IF('FY_25-26'!$D122="","",IF(OR('FY_25-26'!$D122="BOOHOO LADIES",'FY_25-26'!$D122="PLT",'FY_25-26'!$D122="KM"),"BUSINESS UNIT 1 - KIRAN","BUSINESS UNIT 2 - SHIFALI")) -> BUSINESS UNIT 1 - KIRAN | B122: =IF('FY_25-26'!$C122<>"",ROW()-ROW($B$2),"") -> 120 | C122: DAVESH TEXTILE | D122: PLT | E122: NIMIKA PATEL | F122: LADIES | G122: SOFT WOVEN | H122: CNP5900 | I122: NEW | J122: MULTI | K122: 70024031 | L122: UK | M122: PLT-SS26SEP-018 | N122: PRINTED CHEESECLOTH WIDE LEG TROUSER | O122: 45983 | P122: 300 | Q122: - | R122: 5.1 | S122: =IF($Q122="","",IF($Q122="-","-",$P122*$Q122)) -> - | T122: =IF($R122="","",IF($R122="-","-",$P122*$R122)) -> 1530 | U122: 46146 | V122: - | X122: FOB AIR | Y122: INDEL | Z122: NO | AA122: NO Info | AB122: FOB
A123: =IF('FY_25-26'!$D123="","",IF(OR('FY_25-26'!$D123="BOOHOO LADIES",'FY_25-26'!$D123="PLT",'FY_25-26'!$D123="KM"),"BUSINESS UNIT 1 - KIRAN","BUSINESS UNIT 2 - SHIFALI")) -> BUSINESS UNIT 1 - KIRAN | B123: =IF('FY_25-26'!$C123<>"",ROW()-ROW($B$2),"") -> 121 | C123: DAVESH TEXTILE | D123: PLT | E123: NIMIKA PATEL | F123: LADIES | G123: SOFT WOVEN | H123: CNP5901 | I123: NEW | J123: BLACK | K123: 70024032 | L123: UK | M123: PLTSS26SEP018 | N123: BLACK LONGLINE CHEESECLOTH BANDEAU TOP | O123: 45983 | P123: 301 | Q123: - | R123: 3.2 | S123: =IF($Q123="","",IF($Q123="-","-",$P123*$Q123)) -> - | T123: =IF($R123="","",IF($R123="-","-",$P123*$R123)) -> 963.2 | U123: 46146 | V123: - | X123: FOB AIR | Y123: INDEL | Z123: NO | AA123: NO Info | AB123: FOB
...
